t	NADH_m	ADP_m	deltaPsi	Ca_m	Ca_c	FBP
0	1	1	1	1	0.0001	5
0.001	0.999999	1	0.997702	0.999898	0.0001	5
0.002	0.999999	1	0.995404	0.999797	0.0001	5
0.003	0.999998	1	0.993108	0.999695	0.0001	5
0.004	0.999998	1	0.990812	0.999594	0.0001	5
0.005	0.999997	1	0.988516	0.999492	0.0001	5
0.006	0.999997	1	0.986222	0.999391	0.0001	5
0.007	0.999996	1	0.983929	0.999289	0.0001	5
0.008	0.999996	1	0.981636	0.999188	0.0001	5
0.009	0.999995	1	0.979344	0.999086	0.0001	5
0.01	0.999995	1	0.977052	0.998985	0.0001	5
0.011	0.999994	1	0.974762	0.998883	0.0001	5
0.012	0.999994	1	0.972472	0.998782	0.0001	5
0.013	0.999993	1	0.970184	0.99868	0.0001	5
0.014	0.999993	1	0.967895	0.998579	0.0001	5
0.015	0.999992	1	0.965608	0.998477	0.0001	5
0.016	0.999991	1	0.963322	0.998376	0.0001	5
0.017	0.999991	1.00001	0.961036	0.998275	0.0001	5
0.018	0.99999	1.00001	0.958751	0.998173	0.0001	5
0.019	0.99999	1.00001	0.956467	0.998072	0.0001	5
0.02	0.999989	1.00001	0.954183	0.997971	0.0001	5
0.021	0.999989	1.00001	0.951901	0.997869	0.0001	5
0.022	0.999988	1.00001	0.949619	0.997768	0.0001	5
0.023	0.999988	1.00001	0.947338	0.997667	0.0001	5
0.024	0.999987	1.00001	0.945058	0.997565	0.0001	5
0.025	0.999987	1.00001	0.942778	0.997464	0.0001	5
0.026	0.999986	1.00001	0.940499	0.997363	0.0001	5
0.027	0.999986	1.00001	0.938222	0.997262	0.0001	5
0.028	0.999985	1.00001	0.935944	0.99716	0.0001	5
0.029	0.999984	1.00001	0.933668	0.997059	0.0001	5
0.03	0.999984	1.00001	0.931392	0.996958	0.0001	5
0.031	0.999983	1.00001	0.929118	0.996857	0.0001	5
0.032	0.999983	1.00001	0.926844	0.996756	0.0001	5
0.033	0.999982	1.00001	0.92457	0.996654	0.0001	5
0.034	0.999982	1.00001	0.922298	0.996553	0.0001	5
0.035	0.999981	1.00001	0.920026	0.996452	0.0001	5
0.036	0.999981	1.00001	0.917755	0.996351	0.0001	5
0.037	0.99998	1.00001	0.915485	0.99625	0.0001	5
0.038	0.99998	1.00001	0.913216	0.996149	0.0001	5
0.039	0.999979	1.00001	0.910947	0.996048	0.0001	5
0.04	0.999979	1.00001	0.908679	0.995947	0.0001	5
0.041	0.999978	1.00001	0.906412	0.995846	0.0001	5
0.042	0.999978	1.00001	0.904146	0.995745	0.0001	5
0.043	0.999977	1.00001	0.901881	0.995644	0.0001	5
0.044	0.999976	1.00001	0.899616	0.995543	0.0001	5
0.045	0.999976	1.00001	0.897352	0.995442	0.0001	5
0.046	0.999975	1.00001	0.895089	0.995341	0.0001	5
0.047	0.999975	1.00001	0.892827	0.99524	0.0001	5
0.048	0.999974	1.00001	0.890565	0.995139	0.0001	5
0.049	0.999974	1.00002	0.888304	0.995038	0.0001	5
0.05	0.999973	1.00002	0.886044	0.994937	0.0001	5
0.051	0.999973	1.00002	0.883785	0.994836	0.0001	5
0.052	0.999972	1.00002	0.881527	0.994735	0.0001	5
0.053	0.999972	1.00002	0.879269	0.994634	0.0001	5
0.054	0.999971	1.00002	0.877012	0.994533	0.0001	5
0.055	0.999971	1.00002	0.874756	0.994432	0.0001	5
0.056	0.99997	1.00002	0.8725	0.994332	0.0001	5
0.057	0.999969	1.00002	0.870246	0.994231	0.0001	5
0.058	0.999969	1.00002	0.867992	0.99413	0.0001	5
0.059	0.999968	1.00002	0.865739	0.994029	0.0001	5
0.06	0.999968	1.00002	0.863487	0.993928	0.0001	5
0.061	0.999967	1.00002	0.861235	0.993828	0.0001	5
0.062	0.999967	1.00002	0.858985	0.993727	0.0001	5
0.063	0.999966	1.00002	0.856735	0.993626	0.0001	5
0.064	0.999966	1.00002	0.854485	0.993525	0.0001	5
0.065	0.999965	1.00002	0.852237	0.993425	0.0001	5
0.066	0.999965	1.00002	0.849989	0.993324	0.0001	5
0.067	0.999964	1.00002	0.847743	0.993223	0.0001	5
0.068	0.999964	1.00002	0.845496	0.993123	0.0001	5
0.069	0.999963	1.00002	0.843251	0.993022	0.0001	5
0.07	0.999963	1.00002	0.841007	0.992921	0.0001	5
0.071	0.999962	1.00002	0.838763	0.992821	0.0001	5
0.072	0.999961	1.00002	0.83652	0.99272	0.0001	5
0.073	0.999961	1.00002	0.834278	0.992619	0.0001	5
0.074	0.99996	1.00002	0.832036	0.992519	0.0001	5
0.075	0.99996	1.00002	0.829795	0.992418	0.0001	5
0.076	0.999959	1.00002	0.827556	0.992318	0.0001	5
0.077	0.999959	1.00002	0.825316	0.992217	0.0001	5
0.078	0.999958	1.00002	0.823078	0.992117	0.0001	5
0.079	0.999958	1.00002	0.82084	0.992016	0.0001	5
0.08	0.999957	1.00002	0.818604	0.991916	0.0001	5
0.081	0.999957	1.00003	0.816368	0.991815	0.0001	5
0.082	0.999956	1.00003	0.814132	0.991715	0.0001	5
0.083	0.999956	1.00003	0.811898	0.991614	0.0001	5
0.084	0.999955	1.00003	0.809664	0.991514	0.0001	5
0.085	0.999954	1.00003	0.807431	0.991413	0.0001	5
0.086	0.999954	1.00003	0.805199	0.991313	0.0001	5
0.087	0.999953	1.00003	0.802967	0.991213	0.0001	5
0.088	0.999953	1.00003	0.800737	0.991112	0.0001	5
0.089	0.999952	1.00003	0.798507	0.991012	0.0001	5
0.09	0.999952	1.00003	0.796278	0.990911	0.0001	5
0.091	0.999951	1.00003	0.794049	0.990811	0.0001	5
0.092	0.999951	1.00003	0.791822	0.990711	0.0001	5
0.093	0.99995	1.00003	0.789595	0.99061	0.0001	5
0.094	0.99995	1.00003	0.787369	0.99051	0.0001	5
0.095	0.999949	1.00003	0.785143	0.99041	0.0001	5
0.096	0.999949	1.00003	0.782919	0.990309	0.0001	5
0.097	0.999948	1.00003	0.780695	0.990209	0.0001	5
0.098	0.999948	1.00003	0.778472	0.990109	0.0001	5
0.099	0.999947	1.00003	0.77625	0.990009	0.0001	5
0.1	0.999946	1.00003	0.774028	0.989908	0.0001	5
0.101	0.999946	1.00003	0.771808	0.989808	0.0001	5
0.102	0.999945	1.00003	0.769588	0.989708	0.0001	5
0.103	0.999945	1.00003	0.767369	0.989608	0.0001	5
0.104	0.999944	1.00003	0.76515	0.989508	0.0001	5
0.105	0.999944	1.00003	0.762933	0.989407	0.0001	5
0.106	0.999943	1.00003	0.760716	0.989307	0.0001	5
0.107	0.999943	1.00003	0.7585	0.989207	0.0001	5
0.108	0.999942	1.00003	0.756284	0.989107	0.0001	5
0.109	0.999942	1.00003	0.75407	0.989007	0.0001	5
0.11	0.999941	1.00003	0.751856	0.988907	0.0001	5
0.111	0.999941	1.00003	0.749643	0.988807	0.0001	5
0.112	0.99994	1.00003	0.74743	0.988707	0.0001	5
0.113	0.999939	1.00004	0.745219	0.988607	0.0001	5
0.114	0.999939	1.00004	0.743008	0.988507	0.0001	5
0.115	0.999938	1.00004	0.740798	0.988407	0.0001	5
0.116	0.999938	1.00004	0.738589	0.988307	0.0001	5
0.117	0.999937	1.00004	0.73638	0.988207	0.0001	5
0.118	0.999937	1.00004	0.734173	0.988107	0.0001	5
0.119	0.999936	1.00004	0.731966	0.988007	0.0001	5
0.12	0.999936	1.00004	0.72976	0.987907	0.0001	5
0.121	0.999935	1.00004	0.727554	0.987807	0.0001	5
0.122	0.999935	1.00004	0.72535	0.987707	0.0001	5
0.123	0.999934	1.00004	0.723146	0.987607	0.0001	5
0.124	0.999934	1.00004	0.720943	0.987507	0.0001	5
0.125	0.999933	1.00004	0.71874	0.987407	0.0001	5
0.126	0.999933	1.00004	0.716539	0.987307	0.0001	5
0.127	0.999932	1.00004	0.714338	0.987207	0.0001	5
0.128	0.999931	1.00004	0.712138	0.987108	0.0001	5
0.129	0.999931	1.00004	0.709938	0.987008	0.0001	5
0.13	0.99993	1.00004	0.70774	0.986908	0.0001	5
0.131	0.99993	1.00004	0.705542	0.986808	0.0001	5
0.132	0.999929	1.00004	0.703345	0.986708	0.0001	5
0.133	0.999929	1.00004	0.701149	0.986608	0.0001	5
0.134	0.999928	1.00004	0.698953	0.986509	0.0001	5
0.135	0.999928	1.00004	0.696758	0.986409	0.0001	5
0.136	0.999927	1.00004	0.694564	0.986309	0.0001	5
0.137	0.999927	1.00004	0.692371	0.986209	0.0001	5
0.138	0.999926	1.00004	0.690178	0.98611	0.0001	5
0.139	0.999926	1.00004	0.687987	0.98601	0.0001	5
0.14	0.999925	1.00004	0.685796	0.98591	0.0001	5
0.141	0.999924	1.00004	0.683606	0.985811	0.0001	5
0.142	0.999924	1.00004	0.681416	0.985711	0.0001	5
0.143	0.999923	1.00004	0.679227	0.985611	0.0001	5
0.144	0.999923	1.00004	0.677039	0.985512	0.0001	5
0.145	0.999922	1.00005	0.674852	0.985412	0.0001	5
0.146	0.999922	1.00005	0.672666	0.985313	0.0001	5
0.147	0.999921	1.00005	0.67048	0.985213	0.0001	5
0.148	0.999921	1.00005	0.668295	0.985113	0.0001	5
0.149	0.99992	1.00005	0.666111	0.985014	0.0001	5
0.15	0.99992	1.00005	0.663928	0.984914	0.0001	5
0.151	0.999919	1.00005	0.661745	0.984815	0.0001	5
0.152	0.999919	1.00005	0.659563	0.984715	0.0001	5
0.153	0.999918	1.00005	0.657382	0.984616	0.0001	5
0.154	0.999918	1.00005	0.655202	0.984516	0.0001	5
0.155	0.999917	1.00005	0.653022	0.984417	0.0001	5
0.156	0.999916	1.00005	0.650843	0.984317	0.0001	5
0.157	0.999916	1.00005	0.648665	0.984218	0.0001	5
0.158	0.999915	1.00005	0.646488	0.984118	0.0001	5
0.159	0.999915	1.00005	0.644311	0.984019	0.0001	5
0.16	0.999914	1.00005	0.642135	0.98392	0.0001	5
0.161	0.999914	1.00005	0.63996	0.98382	0.0001	5
0.162	0.999913	1.00005	0.637786	0.983721	0.0001	5
0.163	0.999913	1.00005	0.635612	0.983621	0.0001	5
0.164	0.999912	1.00005	0.633439	0.983522	0.0001	5
0.165	0.999912	1.00005	0.631267	0.983423	0.0001	5
0.166	0.999911	1.00005	0.629096	0.983323	0.0001	5
0.167	0.999911	1.00005	0.626925	0.983224	0.0001	5
0.168	0.99991	1.00005	0.624756	0.983125	0.0001	5
0.169	0.99991	1.00005	0.622587	0.983025	0.0001	5
0.17	0.999909	1.00005	0.620418	0.982926	0.0001	5
0.171	0.999908	1.00005	0.618251	0.982827	0.0001	5
0.172	0.999908	1.00005	0.616084	0.982728	0.0001	5
0.173	0.999907	1.00005	0.613918	0.982628	0.0001	5
0.174	0.999907	1.00005	0.611753	0.982529	0.0001	5
0.175	0.999906	1.00005	0.609588	0.98243	0.0001	5
0.176	0.999906	1.00005	0.607424	0.982331	0.0001	5
0.177	0.999905	1.00006	0.605261	0.982232	0.0001	5
0.178	0.999905	1.00006	0.603099	0.982132	0.0001	5
0.179	0.999904	1.00006	0.600937	0.982033	0.0001	5
0.18	0.999904	1.00006	0.598777	0.981934	0.0001	5
0.181	0.999903	1.00006	0.596617	0.981835	0.0001	5
0.182	0.999903	1.00006	0.594457	0.981736	0.0001	5
0.183	0.999902	1.00006	0.592299	0.981637	0.0001	5
0.184	0.999901	1.00006	0.590141	0.981538	0.0001	5
0.185	0.999901	1.00006	0.587984	0.981439	0.0001	5
0.186	0.9999	1.00006	0.585828	0.981339	0.0001	5
0.187	0.9999	1.00006	0.583672	0.98124	0.0001	5
0.188	0.999899	1.00006	0.581517	0.981141	0.0001	5
0.189	0.999899	1.00006	0.579363	0.981042	0.0001	5
0.19	0.999898	1.00006	0.57721	0.980943	0.0001	5
0.191	0.999898	1.00006	0.575057	0.980844	0.0001	5
0.192	0.999897	1.00006	0.572906	0.980745	0.0001	5
0.193	0.999897	1.00006	0.570755	0.980646	0.0001	5
0.194	0.999896	1.00006	0.568604	0.980547	0.0001	5
0.195	0.999896	1.00006	0.566455	0.980448	0.0001	5
0.196	0.999895	1.00006	0.564306	0.98035	0.0001	5
0.197	0.999895	1.00006	0.562158	0.980251	0.0001	5
0.198	0.999894	1.00006	0.560011	0.980152	0.0001	5
0.199	0.999893	1.00006	0.557864	0.980053	0.0001	5
0.2	0.999893	1.00006	0.555718	0.979954	0.0001	5
0.201	0.999892	1.00006	0.553573	0.979855	0.0001	5
0.202	0.999892	1.00006	0.551429	0.979756	0.0001	5
0.203	0.999891	1.00006	0.549285	0.979657	0.0001	5
0.204	0.999891	1.00006	0.547142	0.979559	0.0001	5
0.205	0.99989	1.00006	0.545	0.97946	0.0001	5
0.206	0.99989	1.00006	0.542859	0.979361	0.0001	5
0.207	0.999889	1.00006	0.540718	0.979262	0.0001	5
0.208	0.999889	1.00006	0.538579	0.979163	0.0001	5
0.209	0.999888	1.00006	0.536439	0.979065	0.0001	5
0.21	0.999888	1.00007	0.534301	0.978966	0.0001	5
0.211	0.999887	1.00007	0.532164	0.978867	0.0001	5
0.212	0.999886	1.00007	0.530027	0.978768	0.0001	5
0.213	0.999886	1.00007	0.527891	0.97867	0.0001	5
0.214	0.999885	1.00007	0.525755	0.978571	0.0001	5
0.215	0.999885	1.00007	0.523621	0.978472	0.0001	5
0.216	0.999884	1.00007	0.521487	0.978374	0.0001	5
0.217	0.999884	1.00007	0.519354	0.978275	0.0001	5
0.218	0.999883	1.00007	0.517221	0.978176	0.0001	5
0.219	0.999883	1.00007	0.515089	0.978078	0.0001	5
0.22	0.999882	1.00007	0.512959	0.977979	0.0001	5
0.221	0.999882	1.00007	0.510828	0.977881	0.0001	5
0.222	0.999881	1.00007	0.508699	0.977782	0.0001	5
0.223	0.999881	1.00007	0.50657	0.977683	0.0001	5
0.224	0.99988	1.00007	0.504442	0.977585	0.0001	5
0.225	0.99988	1.00007	0.502315	0.977486	0.0001	5
0.226	0.999879	1.00007	0.500189	0.977388	0.0001	5
0.227	0.999878	1.00007	0.498063	0.977289	0.0001	5
0.228	0.999878	1.00007	0.495938	0.977191	0.0001	5
0.229	0.999877	1.00007	0.493814	0.977092	0.0001	5
0.23	0.999877	1.00007	0.49169	0.976994	0.0001	5
0.231	0.999876	1.00007	0.489568	0.976895	0.0001	5
0.232	0.999876	1.00007	0.487446	0.976797	0.0001	5
0.233	0.999875	1.00007	0.485324	0.976698	0.0001	5
0.234	0.999875	1.00007	0.483204	0.9766	0.0001	5
0.235	0.999874	1.00007	0.481084	0.976502	0.0001	5
0.236	0.999874	1.00007	0.478965	0.976403	0.0001	5
0.237	0.999873	1.00007	0.476847	0.976305	0.0001	5
0.238	0.999873	1.00007	0.474729	0.976207	0.0001	5
0.239	0.999872	1.00007	0.472612	0.976108	0.0001	5
0.24	0.999871	1.00007	0.470496	0.97601	0.0001	5
0.241	0.999871	1.00007	0.468381	0.975911	0.0001	5
0.242	0.99987	1.00008	0.466266	0.975813	0.0001	5
0.243	0.99987	1.00008	0.464153	0.975715	0.0001	5
0.244	0.999869	1.00008	0.462039	0.975617	0.0001	5
0.245	0.999869	1.00008	0.459927	0.975518	0.0001	5
0.246	0.999868	1.00008	0.457815	0.97542	0.0001	5
0.247	0.999868	1.00008	0.455704	0.975322	0.0001	5
0.248	0.999867	1.00008	0.453594	0.975224	0.0001	5
0.249	0.999867	1.00008	0.451485	0.975125	0.0001	5
0.25	0.999866	1.00008	0.449376	0.975027	0.0001	5
0.251	0.999866	1.00008	0.447268	0.974929	0.0001	5
0.252	0.999865	1.00008	0.445161	0.974831	0.0001	5
0.253	0.999865	1.00008	0.443055	0.974733	0.0001	5
0.254	0.999864	1.00008	0.440949	0.974634	0.0001	5
0.255	0.999863	1.00008	0.438844	0.974536	0.0001	5
0.256	0.999863	1.00008	0.43674	0.974438	0.0001	5
0.257	0.999862	1.00008	0.434636	0.97434	0.0001	5
0.258	0.999862	1.00008	0.432533	0.974242	0.0001	5
0.259	0.999861	1.00008	0.430431	0.974144	0.0001	5
0.26	0.999861	1.00008	0.42833	0.974046	0.0001	5
0.261	0.99986	1.00008	0.426229	0.973948	0.0001	5
0.262	0.99986	1.00008	0.424129	0.97385	0.0001	5
0.263	0.999859	1.00008	0.42203	0.973752	0.0001	5
0.264	0.999859	1.00008	0.419932	0.973653	0.0001	5
0.265	0.999858	1.00008	0.417834	0.973555	0.0001	5
0.266	0.999858	1.00008	0.415737	0.973457	0.0001	5
0.267	0.999857	1.00008	0.413641	0.973359	0.0001	5
0.268	0.999856	1.00008	0.411546	0.973261	0.0001	5
0.269	0.999856	1.00008	0.409451	0.973164	0.0001	5
0.27	0.999855	1.00008	0.407357	0.973066	0.0001	5
0.271	0.999855	1.00008	0.405264	0.972968	0.0001	5
0.272	0.999854	1.00008	0.403171	0.97287	0.0001	5
0.273	0.999854	1.00008	0.40108	0.972772	0.0001	5
0.274	0.999853	1.00008	0.398989	0.972674	0.0001	5
0.275	0.999853	1.00009	0.396898	0.972576	0.0001	5
0.276	0.999852	1.00009	0.394809	0.972478	0.0001	5
0.277	0.999852	1.00009	0.39272	0.97238	0.0001	5
0.278	0.999851	1.00009	0.390632	0.972282	0.0001	5
0.279	0.999851	1.00009	0.388544	0.972185	0.0001	5
0.28	0.99985	1.00009	0.386458	0.972087	0.0001	5
0.281	0.99985	1.00009	0.384372	0.971989	0.0001	5
0.282	0.999849	1.00009	0.382287	0.971891	0.0001	5
0.283	0.999848	1.00009	0.380202	0.971793	0.0001	5
0.284	0.999848	1.00009	0.378119	0.971696	0.0001	5
0.285	0.999847	1.00009	0.376036	0.971598	0.0001	5
0.286	0.999847	1.00009	0.373953	0.9715	0.0001	5
0.287	0.999846	1.00009	0.371872	0.971402	0.0001	5
0.288	0.999846	1.00009	0.369791	0.971305	0.0001	5
0.289	0.999845	1.00009	0.367711	0.971207	0.0001	5
0.29	0.999845	1.00009	0.365632	0.971109	0.0001	5
0.291	0.999844	1.00009	0.363553	0.971012	0.0001	5
0.292	0.999844	1.00009	0.361475	0.970914	0.0001	5
0.293	0.999843	1.00009	0.359398	0.970816	0.0001	5
0.294	0.999843	1.00009	0.357322	0.970719	0.0001	5
0.295	0.999842	1.00009	0.355246	0.970621	0.0001	5
0.296	0.999841	1.00009	0.353171	0.970524	0.0001	5
0.297	0.999841	1.00009	0.351097	0.970426	0.0001	5
0.298	0.99984	1.00009	0.349023	0.970328	0.0001	5
0.299	0.99984	1.00009	0.346951	0.970231	0.0001	5
0.3	0.999839	1.00009	0.344879	0.970133	0.0001	5
0.301	0.999839	1.00009	0.342807	0.970036	0.0001	5
0.302	0.999838	1.00009	0.340737	0.969938	0.0001	5
0.303	0.999838	1.00009	0.338667	0.969841	0.0001	5
0.304	0.999837	1.00009	0.336598	0.969743	0.0001	5
0.305	0.999837	1.00009	0.334529	0.969646	0.0001	5
0.306	0.999836	1.00009	0.332462	0.969548	0.0001	5
0.307	0.999836	1.0001	0.330395	0.969451	0.0001	5
0.308	0.999835	1.0001	0.328329	0.969353	0.0001	5
0.309	0.999835	1.0001	0.326263	0.969256	0.0001	5
0.31	0.999834	1.0001	0.324198	0.969158	0.0001	5
0.311	0.999833	1.0001	0.322134	0.969061	0.0001	5
0.312	0.999833	1.0001	0.320071	0.968964	0.0001	5
0.313	0.999832	1.0001	0.318009	0.968866	0.0001	5
0.314	0.999832	1.0001	0.315947	0.968769	0.0001	5
0.315	0.999831	1.0001	0.313886	0.968671	0.0001	5
0.316	0.999831	1.0001	0.311825	0.968574	0.0001	5
0.317	0.99983	1.0001	0.309766	0.968477	0.0001	5
0.318	0.99983	1.0001	0.307707	0.968379	0.0001	5
0.319	0.999829	1.0001	0.305648	0.968282	0.0001	5
0.32	0.999829	1.0001	0.303591	0.968185	0.0001	5
0.321	0.999828	1.0001	0.301534	0.968088	0.0001	5
0.322	0.999828	1.0001	0.299478	0.96799	0.0001	5
0.323	0.999827	1.0001	0.297423	0.967893	0.0001	5
0.324	0.999827	1.0001	0.295368	0.967796	0.0001	5
0.325	0.999826	1.0001	0.293314	0.967699	0.0001	5
0.326	0.999825	1.0001	0.291261	0.967601	0.0001	5
0.327	0.999825	1.0001	0.289209	0.967504	0.0001	5
0.328	0.999824	1.0001	0.287157	0.967407	0.0001	5
0.329	0.999824	1.0001	0.285106	0.96731	0.0001	5
0.33	0.999823	1.0001	0.283056	0.967213	0.0001	5
0.331	0.999823	1.0001	0.281006	0.967115	0.0001	5
0.332	0.999822	1.0001	0.278958	0.967018	0.0001	5
0.333	0.999822	1.0001	0.27691	0.966921	0.0001	5
0.334	0.999821	1.0001	0.274862	0.966824	0.0001	5
0.335	0.999821	1.0001	0.272816	0.966727	0.0001	5
0.336	0.99982	1.0001	0.27077	0.96663	0.0001	5
0.337	0.99982	1.0001	0.268725	0.966533	0.0001	5
0.338	0.999819	1.0001	0.26668	0.966436	0.0001	5
0.339	0.999818	1.00011	0.264636	0.966339	0.0001	5
0.34	0.999818	1.00011	0.262593	0.966242	0.0001	5
0.341	0.999817	1.00011	0.260551	0.966145	0.0001	5
0.342	0.999817	1.00011	0.258509	0.966048	0.0001	5
0.343	0.999816	1.00011	0.256469	0.965951	0.0001	5
0.344	0.999816	1.00011	0.254428	0.965854	0.0001	5
0.345	0.999815	1.00011	0.252389	0.965757	0.0001	5
0.346	0.999815	1.00011	0.25035	0.96566	0.0001	5
0.347	0.999814	1.00011	0.248312	0.965563	0.0001	5
0.348	0.999814	1.00011	0.246275	0.965466	0.0001	5
0.349	0.999813	1.00011	0.244239	0.965369	0.0001	5
0.35	0.999813	1.00011	0.242203	0.965272	0.0001	5
0.351	0.999812	1.00011	0.240168	0.965175	0.0001	5
0.352	0.999812	1.00011	0.238133	0.965078	0.0001	5
0.353	0.999811	1.00011	0.2361	0.964981	0.0001	5
0.354	0.99981	1.00011	0.234067	0.964884	0.0001	5
0.355	0.99981	1.00011	0.232035	0.964788	0.0001	5
0.356	0.999809	1.00011	0.230003	0.964691	0.0001	5
0.357	0.999809	1.00011	0.227972	0.964594	0.0001	5
0.358	0.999808	1.00011	0.225942	0.964497	0.0001	5
0.359	0.999808	1.00011	0.223913	0.9644	0.0001	5
0.36	0.999807	1.00011	0.221884	0.964304	0.0001	5
0.361	0.999807	1.00011	0.219856	0.964207	0.0001	5
0.362	0.999806	1.00011	0.217829	0.96411	0.0001	5
0.363	0.999806	1.00011	0.215803	0.964013	0.0001	5
0.364	0.999805	1.00011	0.213777	0.963917	0.0001	5
0.365	0.999805	1.00011	0.211752	0.96382	0.0001	5
0.366	0.999804	1.00011	0.209728	0.963723	0.0001	5
0.367	0.999803	1.00011	0.207704	0.963626	0.0001	5
0.368	0.999803	1.00011	0.205681	0.96353	0.0001	5
0.369	0.999802	1.00011	0.203659	0.963433	0.0001	5
0.37	0.999802	1.00011	0.201638	0.963336	0.0001	5
0.371	0.999801	1.00011	0.199617	0.96324	0.0001	5
0.372	0.999801	1.00012	0.197597	0.963143	0.0001	5
0.373	0.9998	1.00012	0.195578	0.963047	0.0001	5
0.374	0.9998	1.00012	0.193559	0.96295	0.0001	5
0.375	0.999799	1.00012	0.191541	0.962853	0.0001	5
0.376	0.999799	1.00012	0.189524	0.962757	0.0001	5
0.377	0.999798	1.00012	0.187507	0.96266	0.0001	5
0.378	0.999798	1.00012	0.185492	0.962564	0.0001	5
0.379	0.999797	1.00012	0.183477	0.962467	0.0001	5
0.38	0.999797	1.00012	0.181462	0.962371	0.0001	5
0.381	0.999796	1.00012	0.179449	0.962274	0.0001	5
0.382	0.999795	1.00012	0.177436	0.962178	0.0001	5
0.383	0.999795	1.00012	0.175424	0.962081	0.0001	5
0.384	0.999794	1.00012	0.173412	0.961985	0.0001	5
0.385	0.999794	1.00012	0.171402	0.961888	0.0001	5
0.386	0.999793	1.00012	0.169392	0.961792	0.0001	5
0.387	0.999793	1.00012	0.167382	0.961695	0.0001	5
0.388	0.999792	1.00012	0.165374	0.961599	0.0001	5
0.389	0.999792	1.00012	0.163366	0.961503	0.0001	5
0.39	0.999791	1.00012	0.161359	0.961406	0.0001	5
0.391	0.999791	1.00012	0.159352	0.96131	0.0001	5
0.392	0.99979	1.00012	0.157347	0.961213	0.0001	5
0.393	0.99979	1.00012	0.155342	0.961117	0.0001	5
0.394	0.999789	1.00012	0.153337	0.961021	0.0001	5
0.395	0.999788	1.00012	0.151334	0.960924	0.0001	5
0.396	0.999788	1.00012	0.149331	0.960828	0.0001	5
0.397	0.999787	1.00012	0.147329	0.960732	0.0001	5
0.398	0.999787	1.00012	0.145327	0.960635	0.0001	5
0.399	0.999786	1.00012	0.143326	0.960539	0.0001	5
0.4	0.999786	1.00012	0.141326	0.960443	0.0001	5
0.401	0.999785	1.00012	0.139327	0.960347	0.0001	5
0.402	0.999785	1.00012	0.137329	0.96025	0.0001	5
0.403	0.999784	1.00012	0.135331	0.960154	0.0001	5
0.404	0.999784	1.00013	0.133333	0.960058	0.0001	5
0.405	0.999783	1.00013	0.131337	0.959962	0.0001	5
0.406	0.999783	1.00013	0.129341	0.959866	0.0001	5
0.407	0.999782	1.00013	0.127346	0.959769	0.0001	5
0.408	0.999782	1.00013	0.125352	0.959673	0.0001	5
0.409	0.999781	1.00013	0.123358	0.959577	0.0001	5
0.41	0.99978	1.00013	0.121365	0.959481	0.0001	5
0.411	0.99978	1.00013	0.119373	0.959385	0.0001	5
0.412	0.999779	1.00013	0.117381	0.959289	0.0001	5
0.413	0.999779	1.00013	0.115391	0.959193	0.0001	5
0.414	0.999778	1.00013	0.113401	0.959096	0.0001	5
0.415	0.999778	1.00013	0.111411	0.959	0.0001	5
0.416	0.999777	1.00013	0.109422	0.958904	0.0001	5
0.417	0.999777	1.00013	0.107435	0.958808	0.0001	5
0.418	0.999776	1.00013	0.105447	0.958712	0.0001	5
0.419	0.999776	1.00013	0.103461	0.958616	0.0001	5
0.42	0.999775	1.00013	0.101475	0.95852	0.0001	5
0.421	0.999775	1.00013	0.0994897	0.958424	0.0001	5
0.422	0.999774	1.00013	0.0975053	0.958328	0.0001	5
0.423	0.999773	1.00013	0.0955215	0.958232	0.0001	5
0.424	0.999773	1.00013	0.0935385	0.958136	0.0001	5
0.425	0.999772	1.00013	0.0915562	0.95804	0.0001	5
0.426	0.999772	1.00013	0.0895746	0.957944	0.0001	5
0.427	0.999771	1.00013	0.0875937	0.957848	0.0001	5
0.428	0.999771	1.00013	0.0856135	0.957753	0.0001	5
0.429	0.99977	1.00013	0.083634	0.957657	0.0001	5
0.43	0.99977	1.00013	0.0816553	0.957561	0.0001	5
0.431	0.999769	1.00013	0.0796772	0.957465	0.0001	5
0.432	0.999769	1.00013	0.0776998	0.957369	0.0001	5
0.433	0.999768	1.00013	0.0757232	0.957273	0.0001	5
0.434	0.999768	1.00013	0.0737472	0.957177	0.0001	5
0.435	0.999767	1.00013	0.071772	0.957081	0.0001	5
0.436	0.999767	1.00013	0.0697974	0.956986	0.0001	5
0.437	0.999766	1.00014	0.0678236	0.95689	0.0001	5
0.438	0.999765	1.00014	0.0658504	0.956794	0.0001	5
0.439	0.999765	1.00014	0.063878	0.956698	0.0001	5
0.44	0.999764	1.00014	0.0619063	0.956603	0.0001	5
0.441	0.999764	1.00014	0.0599352	0.956507	0.0001	5
0.442	0.999763	1.00014	0.0579649	0.956411	0.0001	5
0.443	0.999763	1.00014	0.0559953	0.956315	0.0001	5
0.444	0.999762	1.00014	0.0540264	0.95622	0.0001	5
0.445	0.999762	1.00014	0.0520582	0.956124	0.0001	5
0.446	0.999761	1.00014	0.0500907	0.956028	0.0001	5
0.447	0.999761	1.00014	0.0481239	0.955933	0.0001	5
0.448	0.99976	1.00014	0.0461578	0.955837	0.0001	5
0.449	0.99976	1.00014	0.0441924	0.955741	0.0001	5
0.45	0.999759	1.00014	0.0422277	0.955646	0.0001	5
0.451	0.999758	1.00014	0.0402637	0.95555	0.0001	5
0.452	0.999758	1.00014	0.0383004	0.955454	0.0001	5
0.453	0.999757	1.00014	0.0363378	0.955359	0.0001	5
0.454	0.999757	1.00014	0.0343759	0.955263	0.0001	5
0.455	0.999756	1.00014	0.0324147	0.955168	0.0001	5
0.456	0.999756	1.00014	0.0304543	0.955072	0.0001	5
0.457	0.999755	1.00014	0.0284945	0.954977	0.0001	5
0.458	0.999755	1.00014	0.0265354	0.954881	0.0001	5
0.459	0.999754	1.00014	0.024577	0.954785	0.0001	5
0.46	0.999754	1.00014	0.0226193	0.95469	0.0001	5
0.461	0.999753	1.00014	0.0206624	0.954594	0.0001	5
0.462	0.999753	1.00014	0.0187061	0.954499	0.0001	5
0.463	0.999752	1.00014	0.0167505	0.954404	0.0001	5
0.464	0.999752	1.00014	0.0147956	0.954308	0.0001	5
0.465	0.999751	1.00014	0.0128415	0.954213	0.0001	5
0.466	0.99975	1.00014	0.010888	0.954117	0.0001	5
0.467	0.99975	1.00014	0.00893522	0.954022	0.0001	5
0.468	0.999749	1.00014	0.00698314	0.953926	0.0001	5
0.469	0.999749	1.00014	0.00503177	0.953831	0.0001	5
0.47	0.999748	1.00015	0.00308109	0.953736	0.0001	5
0.471	0.999748	1.00015	0.00113111	0.95364	0.0001	5
0.472	0.999747	1.00015	-0.00081817	0.953545	0.0001	5
0.473	0.999747	1.00015	-0.00276675	0.953449	0.0001	5
0.474	0.999746	1.00015	-0.00471463	0.953354	0.0001	5
0.475	0.999746	1.00015	-0.00666182	0.953259	0.0001	5
0.476	0.999745	1.00015	-0.0086083	0.953164	0.0001	5
0.477	0.999745	1.00015	-0.0105541	0.953068	0.0001	5
0.478	0.999744	1.00015	-0.0124992	0.952973	0.0001	5
0.479	0.999744	1.00015	-0.0144436	0.952878	0.0001	5
0.48	0.999743	1.00015	-0.0163873	0.952782	0.0001	5
0.481	0.999742	1.00015	-0.0183303	0.952687	0.0001	5
0.482	0.999742	1.00015	-0.0202726	0.952592	0.0001	5
0.483	0.999741	1.00015	-0.0222142	0.952497	0.0001	5
0.484	0.999741	1.00015	-0.0241551	0.952401	0.0001	5
0.485	0.99974	1.00015	-0.0260953	0.952306	0.0001	5
0.486	0.99974	1.00015	-0.0280348	0.952211	0.0001	5
0.487	0.999739	1.00015	-0.0299736	0.952116	0.0001	5
0.488	0.999739	1.00015	-0.0319117	0.952021	0.0001	5
0.489	0.999738	1.00015	-0.0338492	0.951926	0.0001	5
0.49	0.999738	1.00015	-0.0357859	0.95183	0.0001	5
0.491	0.999737	1.00015	-0.0377219	0.951735	0.0001	5
0.492	0.999737	1.00015	-0.0396573	0.95164	0.0001	5
0.493	0.999736	1.00015	-0.0415919	0.951545	0.0001	5
0.494	0.999735	1.00015	-0.0435258	0.95145	0.0001	5
0.495	0.999735	1.00015	-0.0454591	0.951355	0.0001	5
0.496	0.999734	1.00015	-0.0473916	0.95126	0.0001	5
0.497	0.999734	1.00015	-0.0493235	0.951165	0.0001	5
0.498	0.999733	1.00015	-0.0512547	0.95107	0.0001	5
0.499	0.999733	1.00015	-0.0531852	0.950975	0.0001	5
0.5	0.999732	1.00015	-0.0551149	0.95088	0.0001	5
0.501	0.999732	1.00015	-0.057044	0.950785	0.0001	5
0.502	0.999731	1.00016	-0.0589724	0.95069	0.0001	5
0.503	0.999731	1.00016	-0.0609001	0.950595	0.0001	5
0.504	0.99973	1.00016	-0.0628271	0.9505	0.0001	5
0.505	0.99973	1.00016	-0.0647534	0.950405	0.0001	5
0.506	0.999729	1.00016	-0.066679	0.95031	0.0001	5
0.507	0.999729	1.00016	-0.068604	0.950215	0.0001	5
0.508	0.999728	1.00016	-0.0705282	0.95012	0.0001	5
0.509	0.999727	1.00016	-0.0724517	0.950025	0.0001	5
0.51	0.999727	1.00016	-0.0743746	0.94993	0.0001	5
0.511	0.999726	1.00016	-0.0762967	0.949836	0.0001	5
0.512	0.999726	1.00016	-0.0782182	0.949741	0.0001	5
0.513	0.999725	1.00016	-0.080139	0.949646	0.0001	5
0.514	0.999725	1.00016	-0.082059	0.949551	0.0001	5
0.515	0.999724	1.00016	-0.0839784	0.949456	0.0001	5
0.516	0.999724	1.00016	-0.0858971	0.949361	0.0001	5
0.517	0.999723	1.00016	-0.0878151	0.949267	0.0001	5
0.518	0.999723	1.00016	-0.0897324	0.949172	0.0001	5
0.519	0.999722	1.00016	-0.0916491	0.949077	0.0001	5
0.52	0.999722	1.00016	-0.093565	0.948982	0.0001	5
0.521	0.999721	1.00016	-0.0954802	0.948887	0.0001	5
0.522	0.99972	1.00016	-0.0973948	0.948793	0.0001	5
0.523	0.99972	1.00016	-0.0993086	0.948698	0.0001	5
0.524	0.999719	1.00016	-0.101222	0.948603	0.0001	5
0.525	0.999719	1.00016	-0.103134	0.948509	0.0001	5
0.526	0.999718	1.00016	-0.105046	0.948414	0.0001	5
0.527	0.999718	1.00016	-0.106957	0.948319	0.0001	5
0.528	0.999717	1.00016	-0.108868	0.948225	0.0001	5
0.529	0.999717	1.00016	-0.110777	0.94813	0.0001	5
0.53	0.999716	1.00016	-0.112686	0.948035	0.0001	5
0.531	0.999716	1.00016	-0.114595	0.947941	0.0001	5
0.532	0.999715	1.00016	-0.116502	0.947846	0.0001	5
0.533	0.999715	1.00016	-0.118409	0.947751	0.0001	5
0.534	0.999714	1.00016	-0.120316	0.947657	0.0001	5
0.535	0.999714	1.00017	-0.122221	0.947562	0.0001	5
0.536	0.999713	1.00017	-0.124126	0.947468	0.0001	5
0.537	0.999712	1.00017	-0.12603	0.947373	0.0001	5
0.538	0.999712	1.00017	-0.127934	0.947279	0.0001	5
0.539	0.999711	1.00017	-0.129837	0.947184	0.0001	5
0.54	0.999711	1.00017	-0.131739	0.94709	0.0001	5
0.541	0.99971	1.00017	-0.13364	0.946995	0.0001	5
0.542	0.99971	1.00017	-0.135541	0.946901	0.0001	5
0.543	0.999709	1.00017	-0.137441	0.946806	0.0001	5
0.544	0.999709	1.00017	-0.13934	0.946712	0.0001	5
0.545	0.999708	1.00017	-0.141239	0.946617	0.0001	5
0.546	0.999708	1.00017	-0.143137	0.946523	0.0001	5
0.547	0.999707	1.00017	-0.145035	0.946428	0.0001	5
0.548	0.999707	1.00017	-0.146931	0.946334	0.0001	5
0.549	0.999706	1.00017	-0.148827	0.946239	0.0001	5
0.55	0.999705	1.00017	-0.150722	0.946145	0.0001	5
0.551	0.999705	1.00017	-0.152617	0.946051	0.0001	5
0.552	0.999704	1.00017	-0.154511	0.945956	0.0001	5
0.553	0.999704	1.00017	-0.156404	0.945862	0.0001	5
0.554	0.999703	1.00017	-0.158297	0.945768	0.0001	5
0.555	0.999703	1.00017	-0.160189	0.945673	0.0001	5
0.556	0.999702	1.00017	-0.16208	0.945579	0.0001	5
0.557	0.999702	1.00017	-0.16397	0.945485	0.0001	5
0.558	0.999701	1.00017	-0.16586	0.94539	0.0001	5
0.559	0.999701	1.00017	-0.167749	0.945296	0.0001	5
0.56	0.9997	1.00017	-0.169638	0.945202	0.0001	5
0.561	0.9997	1.00017	-0.171525	0.945108	0.0001	5
0.562	0.999699	1.00017	-0.173412	0.945013	0.0001	5
0.563	0.999699	1.00017	-0.175299	0.944919	0.0001	5
0.564	0.999698	1.00017	-0.177184	0.944825	0.0001	5
0.565	0.999697	1.00017	-0.179069	0.944731	0.0001	5
0.566	0.999697	1.00017	-0.180954	0.944636	0.0001	5
0.567	0.999696	1.00017	-0.182837	0.944542	0.0001	5
0.568	0.999696	1.00018	-0.18472	0.944448	0.0001	5
0.569	0.999695	1.00018	-0.186603	0.944354	0.0001	5
0.57	0.999695	1.00018	-0.188484	0.94426	0.0001	5
0.571	0.999694	1.00018	-0.190365	0.944166	0.0001	5
0.572	0.999694	1.00018	-0.192245	0.944072	0.0001	5
0.573	0.999693	1.00018	-0.194125	0.943977	0.0001	5
0.574	0.999693	1.00018	-0.196004	0.943883	0.0001	5
0.575	0.999692	1.00018	-0.197882	0.943789	0.0001	5
0.576	0.999692	1.00018	-0.199759	0.943695	0.0001	5
0.577	0.999691	1.00018	-0.201636	0.943601	0.0001	5
0.578	0.99969	1.00018	-0.203512	0.943507	0.0001	5
0.579	0.99969	1.00018	-0.205388	0.943413	0.0001	5
0.58	0.999689	1.00018	-0.207263	0.943319	0.0001	5
0.581	0.999689	1.00018	-0.209137	0.943225	0.0001	5
0.582	0.999688	1.00018	-0.21101	0.943131	0.0001	5
0.583	0.999688	1.00018	-0.212883	0.943037	0.0001	5
0.584	0.999687	1.00018	-0.214755	0.942943	0.0001	5
0.585	0.999687	1.00018	-0.216626	0.942849	0.0001	5
0.586	0.999686	1.00018	-0.218497	0.942755	0.0001	5
0.587	0.999686	1.00018	-0.220367	0.942661	0.0001	5
0.588	0.999685	1.00018	-0.222236	0.942567	0.0001	5
0.589	0.999685	1.00018	-0.224105	0.942473	0.0001	5
0.59	0.999684	1.00018	-0.225973	0.942379	0.0001	5
0.591	0.999684	1.00018	-0.22784	0.942286	0.0001	5
0.592	0.999683	1.00018	-0.229707	0.942192	0.0001	5
0.593	0.999682	1.00018	-0.231573	0.942098	0.0001	5
0.594	0.999682	1.00018	-0.233438	0.942004	0.0001	5
0.595	0.999681	1.00018	-0.235303	0.94191	0.0001	5
0.596	0.999681	1.00018	-0.237167	0.941816	0.0001	5
0.597	0.99968	1.00018	-0.23903	0.941722	0.0001	5
0.598	0.99968	1.00018	-0.240892	0.941629	0.0001	5
0.599	0.999679	1.00018	-0.242754	0.941535	0.0001	5
0.6	0.999679	1.00018	-0.244615	0.941441	0.0001	5
0.601	0.999678	1.00019	-0.246476	0.941347	0.0001	5
0.602	0.999678	1.00019	-0.248336	0.941254	0.0001	5
0.603	0.999677	1.00019	-0.250195	0.94116	0.0001	5
0.604	0.999677	1.00019	-0.252053	0.941066	0.0001	5
0.605	0.999676	1.00019	-0.253911	0.940972	0.0001	5
0.606	0.999675	1.00019	-0.255768	0.940879	0.0001	5
0.607	0.999675	1.00019	-0.257625	0.940785	0.0001	5
0.608	0.999674	1.00019	-0.259481	0.940691	0.0001	5
0.609	0.999674	1.00019	-0.261336	0.940598	0.0001	5
0.61	0.999673	1.00019	-0.26319	0.940504	0.0001	5
0.611	0.999673	1.00019	-0.265044	0.94041	0.0001	5
0.612	0.999672	1.00019	-0.266897	0.940317	0.0001	5
0.613	0.999672	1.00019	-0.268749	0.940223	0.0001	5
0.614	0.999671	1.00019	-0.270601	0.940129	0.0001	5
0.615	0.999671	1.00019	-0.272452	0.940036	0.0001	5
0.616	0.99967	1.00019	-0.274303	0.939942	0.0001	5
0.617	0.99967	1.00019	-0.276152	0.939849	0.0001	5
0.618	0.999669	1.00019	-0.278001	0.939755	0.0001	5
0.619	0.999669	1.00019	-0.27985	0.939661	0.0001	5
0.62	0.999668	1.00019	-0.281697	0.939568	0.0001	5
0.621	0.999667	1.00019	-0.283544	0.939474	0.0001	5
0.622	0.999667	1.00019	-0.285391	0.939381	0.0001	5
0.623	0.999666	1.00019	-0.287236	0.939287	0.0001	5
0.624	0.999666	1.00019	-0.289081	0.939194	0.0001	5
0.625	0.999665	1.00019	-0.290925	0.9391	0.0001	5
0.626	0.999665	1.00019	-0.292769	0.939007	0.0001	5
0.627	0.999664	1.00019	-0.294612	0.938913	0.0001	5
0.628	0.999664	1.00019	-0.296454	0.93882	0.0001	5
0.629	0.999663	1.00019	-0.298296	0.938727	0.0001	5
0.63	0.999663	1.00019	-0.300137	0.938633	0.0001	5
0.631	0.999662	1.00019	-0.301977	0.93854	0.0001	5
0.632	0.999662	1.00019	-0.303817	0.938446	0.0001	5
0.633	0.999661	1.0002	-0.305656	0.938353	0.0001	5
0.634	0.999661	1.0002	-0.307494	0.93826	0.0001	5
0.635	0.99966	1.0002	-0.309331	0.938166	0.0001	5
0.636	0.999659	1.0002	-0.311168	0.938073	0.0001	5
0.637	0.999659	1.0002	-0.313005	0.93798	0.0001	5
0.638	0.999658	1.0002	-0.31484	0.937886	0.0001	5
0.639	0.999658	1.0002	-0.316675	0.937793	0.0001	5
0.64	0.999657	1.0002	-0.318509	0.9377	0.0001	5
0.641	0.999657	1.0002	-0.320343	0.937606	0.0001	5
0.642	0.999656	1.0002	-0.322176	0.937513	0.0001	5
0.643	0.999656	1.0002	-0.324008	0.93742	0.0001	5
0.644	0.999655	1.0002	-0.325839	0.937327	0.0001	5
0.645	0.999655	1.0002	-0.32767	0.937233	0.0001	5
0.646	0.999654	1.0002	-0.3295	0.93714	0.0001	5
0.647	0.999654	1.0002	-0.33133	0.937047	0.0001	5
0.648	0.999653	1.0002	-0.333159	0.936954	0.0001	5
0.649	0.999652	1.0002	-0.334987	0.936861	0.0001	5
0.65	0.999652	1.0002	-0.336814	0.936767	0.0001	5
0.651	0.999651	1.0002	-0.338641	0.936674	0.0001	5
0.652	0.999651	1.0002	-0.340467	0.936581	0.0001	5
0.653	0.99965	1.0002	-0.342293	0.936488	0.0001	5
0.654	0.99965	1.0002	-0.344118	0.936395	0.0001	5
0.655	0.999649	1.0002	-0.345942	0.936302	0.0001	5
0.656	0.999649	1.0002	-0.347765	0.936209	0.0001	5
0.657	0.999648	1.0002	-0.349588	0.936115	0.0001	5
0.658	0.999648	1.0002	-0.35141	0.936022	0.0001	5
0.659	0.999647	1.0002	-0.353232	0.935929	0.0001	5
0.66	0.999647	1.0002	-0.355053	0.935836	0.0001	5
0.661	0.999646	1.0002	-0.356873	0.935743	0.0001	5
0.662	0.999646	1.0002	-0.358692	0.93565	0.0001	5
0.663	0.999645	1.0002	-0.360511	0.935557	0.0001	5
0.664	0.999644	1.0002	-0.362329	0.935464	0.0001	5
0.665	0.999644	1.0002	-0.364147	0.935371	0.0001	5
0.666	0.999643	1.00021	-0.365963	0.935278	0.0001	5
0.667	0.999643	1.00021	-0.36778	0.935185	0.0001	5
0.668	0.999642	1.00021	-0.369595	0.935092	0.0001	5
0.669	0.999642	1.00021	-0.37141	0.934999	0.0001	5
0.67	0.999641	1.00021	-0.373224	0.934906	0.0001	5
0.671	0.999641	1.00021	-0.375038	0.934813	0.0001	5
0.672	0.99964	1.00021	-0.37685	0.93472	0.0001	5
0.673	0.99964	1.00021	-0.378662	0.934628	0.0001	5
0.674	0.999639	1.00021	-0.380474	0.934535	0.0001	5
0.675	0.999639	1.00021	-0.382285	0.934442	0.0001	5
0.676	0.999638	1.00021	-0.384095	0.934349	0.0001	5
0.677	0.999637	1.00021	-0.385904	0.934256	0.0001	5
0.678	0.999637	1.00021	-0.387713	0.934163	0.0001	5
0.679	0.999636	1.00021	-0.389521	0.93407	0.0001	5
0.68	0.999636	1.00021	-0.391329	0.933978	0.0001	5
0.681	0.999635	1.00021	-0.393136	0.933885	0.0001	5
0.682	0.999635	1.00021	-0.394942	0.933792	0.0001	5
0.683	0.999634	1.00021	-0.396747	0.933699	0.0001	5
0.684	0.999634	1.00021	-0.398552	0.933606	0.0001	5
0.685	0.999633	1.00021	-0.400356	0.933514	0.0001	5
0.686	0.999633	1.00021	-0.40216	0.933421	0.0001	5
0.687	0.999632	1.00021	-0.403963	0.933328	0.0001	5
0.688	0.999632	1.00021	-0.405765	0.933235	0.0001	5
0.689	0.999631	1.00021	-0.407566	0.933143	0.0001	5
0.69	0.999631	1.00021	-0.409367	0.93305	0.0001	5
0.691	0.99963	1.00021	-0.411167	0.932957	0.0001	5
0.692	0.999629	1.00021	-0.412967	0.932865	0.0001	5
0.693	0.999629	1.00021	-0.414766	0.932772	0.0001	5
0.694	0.999628	1.00021	-0.416564	0.932679	0.0001	5
0.695	0.999628	1.00021	-0.418361	0.932587	0.0001	5
0.696	0.999627	1.00021	-0.420158	0.932494	0.0001	5
0.697	0.999627	1.00021	-0.421954	0.932401	0.0001	5
0.698	0.999626	1.00021	-0.42375	0.932309	0.0001	5
0.699	0.999626	1.00022	-0.425545	0.932216	0.0001	5
0.7	0.999625	1.00022	-0.427339	0.932124	0.0001	5
0.701	0.999625	1.00022	-0.429133	0.932031	0.0001	5
0.702	0.999624	1.00022	-0.430925	0.931938	0.0001	5
0.703	0.999624	1.00022	-0.432718	0.931846	0.0001	5
0.704	0.999623	1.00022	-0.434509	0.931753	0.0001	5
0.705	0.999622	1.00022	-0.4363	0.931661	0.0001	5
0.706	0.999622	1.00022	-0.43809	0.931568	0.0001	5
0.707	0.999621	1.00022	-0.43988	0.931476	0.0001	5
0.708	0.999621	1.00022	-0.441669	0.931383	0.0001	5
0.709	0.99962	1.00022	-0.443457	0.931291	0.0001	5
0.71	0.99962	1.00022	-0.445245	0.931198	0.0001	5
0.711	0.999619	1.00022	-0.447032	0.931106	0.0001	5
0.712	0.999619	1.00022	-0.448818	0.931014	0.0001	5
0.713	0.999618	1.00022	-0.450604	0.930921	0.0001	5
0.714	0.999618	1.00022	-0.452389	0.930829	0.0001	5
0.715	0.999617	1.00022	-0.454173	0.930736	0.0001	5
0.716	0.999617	1.00022	-0.455956	0.930644	0.0001	5
0.717	0.999616	1.00022	-0.457739	0.930551	0.0001	5
0.718	0.999616	1.00022	-0.459522	0.930459	0.0001	5
0.719	0.999615	1.00022	-0.461303	0.930367	0.0001	5
0.72	0.999614	1.00022	-0.463084	0.930274	0.0001	5
0.721	0.999614	1.00022	-0.464865	0.930182	0.0001	5
0.722	0.999613	1.00022	-0.466644	0.93009	0.0001	5
0.723	0.999613	1.00022	-0.468423	0.929997	0.0001	5
0.724	0.999612	1.00022	-0.470202	0.929905	0.0001	5
0.725	0.999612	1.00022	-0.47198	0.929813	0.0001	5
0.726	0.999611	1.00022	-0.473757	0.929721	0.0001	5
0.727	0.999611	1.00022	-0.475533	0.929628	0.0001	5
0.728	0.99961	1.00022	-0.477309	0.929536	0.0001	5
0.729	0.99961	1.00022	-0.479084	0.929444	0.0001	5
0.73	0.999609	1.00022	-0.480858	0.929352	0.0001	5
0.731	0.999609	1.00022	-0.482632	0.929259	0.0001	5
0.732	0.999608	1.00023	-0.484405	0.929167	0.0001	5
0.733	0.999607	1.00023	-0.486178	0.929075	0.0001	5
0.734	0.999607	1.00023	-0.487949	0.928983	0.0001	5
0.735	0.999606	1.00023	-0.489721	0.928891	0.0001	5
0.736	0.999606	1.00023	-0.491491	0.928798	0.0001	5
0.737	0.999605	1.00023	-0.493261	0.928706	0.0001	5
0.738	0.999605	1.00023	-0.49503	0.928614	0.0001	5
0.739	0.999604	1.00023	-0.496799	0.928522	0.0001	5
0.74	0.999604	1.00023	-0.498566	0.92843	0.0001	5
0.741	0.999603	1.00023	-0.500334	0.928338	0.0001	5
0.742	0.999603	1.00023	-0.5021	0.928246	0.0001	5
0.743	0.999602	1.00023	-0.503866	0.928154	0.0001	5
0.744	0.999602	1.00023	-0.505631	0.928062	0.0001	5
0.745	0.999601	1.00023	-0.507396	0.92797	0.0001	5
0.746	0.999601	1.00023	-0.50916	0.927878	0.0001	5
0.747	0.9996	1.00023	-0.510923	0.927786	0.0001	5
0.748	0.999599	1.00023	-0.512686	0.927693	0.0001	5
0.749	0.999599	1.00023	-0.514448	0.927601	0.0001	5
0.75	0.999598	1.00023	-0.516209	0.927509	0.0001	5
0.751	0.999598	1.00023	-0.51797	0.927418	0.0001	5
0.752	0.999597	1.00023	-0.51973	0.927326	0.0001	5
0.753	0.999597	1.00023	-0.521489	0.927234	0.0001	5
0.754	0.999596	1.00023	-0.523248	0.927142	0.0001	5
0.755	0.999596	1.00023	-0.525006	0.92705	0.0001	5
0.756	0.999595	1.00023	-0.526763	0.926958	0.0001	5
0.757	0.999595	1.00023	-0.52852	0.926866	0.0001	5
0.758	0.999594	1.00023	-0.530276	0.926774	0.0001	5
0.759	0.999594	1.00023	-0.532031	0.926682	0.0001	5
0.76	0.999593	1.00023	-0.533786	0.92659	0.0001	5
0.761	0.999592	1.00023	-0.53554	0.926498	0.0001	5
0.762	0.999592	1.00023	-0.537294	0.926406	0.0001	5
0.763	0.999591	1.00023	-0.539046	0.926315	0.0001	5
0.764	0.999591	1.00023	-0.540799	0.926223	0.0001	5
0.765	0.99959	1.00024	-0.54255	0.926131	0.0001	5
0.766	0.99959	1.00024	-0.544301	0.926039	0.0001	5
0.767	0.999589	1.00024	-0.546051	0.925947	0.0001	5
0.768	0.999589	1.00024	-0.547801	0.925856	0.0001	5
0.769	0.999588	1.00024	-0.54955	0.925764	0.0001	5
0.77	0.999588	1.00024	-0.551298	0.925672	0.0001	5
0.771	0.999587	1.00024	-0.553045	0.92558	0.0001	5
0.772	0.999587	1.00024	-0.554792	0.925489	0.0001	5
0.773	0.999586	1.00024	-0.556539	0.925397	0.0001	5
0.774	0.999586	1.00024	-0.558284	0.925305	0.0001	5
0.775	0.999585	1.00024	-0.560029	0.925213	0.0001	5
0.776	0.999584	1.00024	-0.561774	0.925122	0.0001	5
0.777	0.999584	1.00024	-0.563517	0.92503	0.0001	5
0.778	0.999583	1.00024	-0.56526	0.924938	0.0001	5
0.779	0.999583	1.00024	-0.567003	0.924847	0.0001	5
0.78	0.999582	1.00024	-0.568745	0.924755	0.0001	5
0.781	0.999582	1.00024	-0.570486	0.924663	0.0001	5
0.782	0.999581	1.00024	-0.572226	0.924572	0.0001	5
0.783	0.999581	1.00024	-0.573966	0.92448	0.0001	5
0.784	0.99958	1.00024	-0.575705	0.924389	0.0001	5
0.785	0.99958	1.00024	-0.577444	0.924297	0.0001	5
0.786	0.999579	1.00024	-0.579181	0.924205	0.0001	5
0.787	0.999579	1.00024	-0.580919	0.924114	0.0001	5
0.788	0.999578	1.00024	-0.582655	0.924022	0.0001	5
0.789	0.999578	1.00024	-0.584391	0.923931	0.0001	5
0.79	0.999577	1.00024	-0.586126	0.923839	0.0001	5
0.791	0.999576	1.00024	-0.587861	0.923748	0.0001	5
0.792	0.999576	1.00024	-0.589595	0.923656	0.0001	5
0.793	0.999575	1.00024	-0.591328	0.923565	0.0001	5
0.794	0.999575	1.00024	-0.593061	0.923473	0.0001	5
0.795	0.999574	1.00024	-0.594793	0.923382	0.0001	5
0.796	0.999574	1.00024	-0.596524	0.92329	0.0001	5
0.797	0.999573	1.00024	-0.598255	0.923199	0.0001	5
0.798	0.999573	1.00025	-0.599985	0.923108	0.0001	5
0.799	0.999572	1.00025	-0.601714	0.923016	0.0001	5
0.8	0.999572	1.00025	-0.603443	0.922925	0.0001	5
0.801	0.999571	1.00025	-0.605171	0.922833	0.0001	5
0.802	0.999571	1.00025	-0.606899	0.922742	0.0001	5
0.803	0.99957	1.00025	-0.608626	0.922651	0.0001	5
0.804	0.999569	1.00025	-0.610352	0.922559	0.0001	5
0.805	0.999569	1.00025	-0.612077	0.922468	0.0001	5
0.806	0.999568	1.00025	-0.613802	0.922376	0.0001	5
0.807	0.999568	1.00025	-0.615527	0.922285	0.0001	5
0.808	0.999567	1.00025	-0.61725	0.922194	0.0001	5
0.809	0.999567	1.00025	-0.618973	0.922103	0.0001	5
0.81	0.999566	1.00025	-0.620696	0.922011	0.0001	5
0.811	0.999566	1.00025	-0.622417	0.92192	0.0001	5
0.812	0.999565	1.00025	-0.624138	0.921829	0.0001	5
0.813	0.999565	1.00025	-0.625859	0.921737	0.0001	5
0.814	0.999564	1.00025	-0.627578	0.921646	0.0001	5
0.815	0.999564	1.00025	-0.629297	0.921555	0.0001	5
0.816	0.999563	1.00025	-0.631016	0.921464	0.0001	5
0.817	0.999563	1.00025	-0.632734	0.921372	0.0001	5
0.818	0.999562	1.00025	-0.634451	0.921281	0.0001	5
0.819	0.999561	1.00025	-0.636167	0.92119	0.0001	5
0.82	0.999561	1.00025	-0.637883	0.921099	0.0001	5
0.821	0.99956	1.00025	-0.639599	0.921008	0.0001	5
0.822	0.99956	1.00025	-0.641313	0.920917	0.0001	5
0.823	0.999559	1.00025	-0.643027	0.920825	0.0001	5
0.824	0.999559	1.00025	-0.64474	0.920734	0.0001	5
0.825	0.999558	1.00025	-0.646453	0.920643	0.0001	5
0.826	0.999558	1.00025	-0.648165	0.920552	0.0001	5
0.827	0.999557	1.00025	-0.649876	0.920461	0.0001	5
0.828	0.999557	1.00025	-0.651587	0.92037	0.0001	5
0.829	0.999556	1.00025	-0.653297	0.920279	0.0001	5
0.83	0.999556	1.00025	-0.655007	0.920188	0.0001	5
0.831	0.999555	1.00026	-0.656715	0.920097	0.0001	5
0.832	0.999554	1.00026	-0.658424	0.920006	0.0001	5
0.833	0.999554	1.00026	-0.660131	0.919915	0.0001	5
0.834	0.999553	1.00026	-0.661838	0.919824	0.0001	5
0.835	0.999553	1.00026	-0.663544	0.919733	0.0001	5
0.836	0.999552	1.00026	-0.66525	0.919642	0.0001	5
0.837	0.999552	1.00026	-0.666955	0.919551	0.0001	5
0.838	0.999551	1.00026	-0.668659	0.91946	0.0001	5
0.839	0.999551	1.00026	-0.670363	0.919369	0.0001	5
0.84	0.99955	1.00026	-0.672066	0.919278	0.0001	5
0.841	0.99955	1.00026	-0.673768	0.919187	0.0001	5
0.842	0.999549	1.00026	-0.67547	0.919096	0.0001	5
0.843	0.999549	1.00026	-0.677171	0.919005	0.0001	5
0.844	0.999548	1.00026	-0.678872	0.918914	0.0001	5
0.845	0.999548	1.00026	-0.680571	0.918823	0.0001	5
0.846	0.999547	1.00026	-0.682271	0.918732	0.0001	5
0.847	0.999546	1.00026	-0.683969	0.918641	0.0001	5
0.848	0.999546	1.00026	-0.685667	0.918551	0.0001	5
0.849	0.999545	1.00026	-0.687364	0.91846	0.0001	5
0.85	0.999545	1.00026	-0.689061	0.918369	0.0001	5
0.851	0.999544	1.00026	-0.690757	0.918278	0.0001	5
0.852	0.999544	1.00026	-0.692452	0.918187	0.0001	5
0.853	0.999543	1.00026	-0.694147	0.918096	0.0001	5
0.854	0.999543	1.00026	-0.695841	0.918006	0.0001	5
0.855	0.999542	1.00026	-0.697535	0.917915	0.0001	5
0.856	0.999542	1.00026	-0.699227	0.917824	0.0001	5
0.857	0.999541	1.00026	-0.700919	0.917733	0.0001	5
0.858	0.999541	1.00026	-0.702611	0.917643	0.0001	5
0.859	0.99954	1.00026	-0.704302	0.917552	0.0001	5
0.86	0.999539	1.00026	-0.705992	0.917461	0.0001	5
0.861	0.999539	1.00026	-0.707682	0.91737	0.0001	5
0.862	0.999538	1.00026	-0.709371	0.91728	0.0001	5
0.863	0.999538	1.00026	-0.711059	0.917189	0.0001	5
0.864	0.999537	1.00027	-0.712747	0.917098	0.0001	5
0.865	0.999537	1.00027	-0.714434	0.917008	0.0001	5
0.866	0.999536	1.00027	-0.71612	0.916917	0.0001	5
0.867	0.999536	1.00027	-0.717806	0.916826	0.0001	5
0.868	0.999535	1.00027	-0.719491	0.916736	0.0001	5
0.869	0.999535	1.00027	-0.721176	0.916645	0.0001	5
0.87	0.999534	1.00027	-0.72286	0.916555	0.0001	5
0.871	0.999534	1.00027	-0.724543	0.916464	0.0001	5
0.872	0.999533	1.00027	-0.726225	0.916373	0.0001	5
0.873	0.999533	1.00027	-0.727907	0.916283	0.0001	5
0.874	0.999532	1.00027	-0.729589	0.916192	0.0001	5
0.875	0.999531	1.00027	-0.731269	0.916102	0.0001	5
0.876	0.999531	1.00027	-0.732949	0.916011	0.0001	5
0.877	0.99953	1.00027	-0.734629	0.915921	0.0001	5
0.878	0.99953	1.00027	-0.736308	0.91583	0.0001	5
0.879	0.999529	1.00027	-0.737986	0.91574	0.0001	5
0.88	0.999529	1.00027	-0.739663	0.915649	0.0001	5
0.881	0.999528	1.00027	-0.74134	0.915559	0.0001	5
0.882	0.999528	1.00027	-0.743016	0.915468	0.0001	5
0.883	0.999527	1.00027	-0.744692	0.915378	0.0001	5
0.884	0.999527	1.00027	-0.746367	0.915287	0.0001	5
0.885	0.999526	1.00027	-0.748041	0.915197	0.0001	5
0.886	0.999526	1.00027	-0.749715	0.915106	0.0001	5
0.887	0.999525	1.00027	-0.751388	0.915016	0.0001	5
0.888	0.999524	1.00027	-0.753061	0.914926	0.0001	5
0.889	0.999524	1.00027	-0.754732	0.914835	0.0001	5
0.89	0.999523	1.00027	-0.756404	0.914745	0.0001	5
0.891	0.999523	1.00027	-0.758074	0.914654	0.0001	5
0.892	0.999522	1.00027	-0.759744	0.914564	0.0001	5
0.893	0.999522	1.00027	-0.761413	0.914474	0.0001	5
0.894	0.999521	1.00027	-0.763082	0.914383	0.0001	5
0.895	0.999521	1.00027	-0.76475	0.914293	0.0001	5
0.896	0.99952	1.00027	-0.766417	0.914203	0.0001	5
0.897	0.99952	1.00028	-0.768084	0.914112	0.0001	5
0.898	0.999519	1.00028	-0.76975	0.914022	0.0001	5
0.899	0.999519	1.00028	-0.771416	0.913932	0.0001	5
0.9	0.999518	1.00028	-0.77308	0.913842	0.0001	5
0.901	0.999518	1.00028	-0.774745	0.913751	0.0001	5
0.902	0.999517	1.00028	-0.776408	0.913661	0.0001	5
0.903	0.999516	1.00028	-0.778071	0.913571	0.0001	5
0.904	0.999516	1.00028	-0.779734	0.913481	0.0001	5
0.905	0.999515	1.00028	-0.781395	0.91339	0.0001	5
0.906	0.999515	1.00028	-0.783056	0.9133	0.0001	5
0.907	0.999514	1.00028	-0.784717	0.91321	0.0001	5
0.908	0.999514	1.00028	-0.786377	0.91312	0.0001	5
0.909	0.999513	1.00028	-0.788036	0.91303	0.0001	5
0.91	0.999513	1.00028	-0.789694	0.91294	0.0001	5
0.911	0.999512	1.00028	-0.791352	0.912849	0.0001	5
0.912	0.999512	1.00028	-0.793009	0.912759	0.0001	5
0.913	0.999511	1.00028	-0.794666	0.912669	0.0001	5
0.914	0.999511	1.00028	-0.796322	0.912579	0.0001	5
0.915	0.99951	1.00028	-0.797977	0.912489	0.0001	5
0.916	0.999509	1.00028	-0.799632	0.912399	0.0001	5
0.917	0.999509	1.00028	-0.801286	0.912309	0.0001	5
0.918	0.999508	1.00028	-0.80294	0.912219	0.0001	5
0.919	0.999508	1.00028	-0.804593	0.912129	0.0001	5
0.92	0.999507	1.00028	-0.806245	0.912039	0.0001	5
0.921	0.999507	1.00028	-0.807896	0.911949	0.0001	5
0.922	0.999506	1.00028	-0.809547	0.911859	0.0001	5
0.923	0.999506	1.00028	-0.811198	0.911769	0.0001	5
0.924	0.999505	1.00028	-0.812848	0.911679	0.0001	5
0.925	0.999505	1.00028	-0.814497	0.911589	0.0001	5
0.926	0.999504	1.00028	-0.816145	0.911499	0.0001	5
0.927	0.999504	1.00028	-0.817793	0.911409	0.0001	5
0.928	0.999503	1.00028	-0.81944	0.911319	0.0001	5
0.929	0.999503	1.00028	-0.821087	0.911229	0.0001	5
0.93	0.999502	1.00029	-0.822733	0.911139	0.0001	5
0.931	0.999501	1.00029	-0.824378	0.911049	0.0001	5
0.932	0.999501	1.00029	-0.826023	0.910959	0.0001	5
0.933	0.9995	1.00029	-0.827667	0.910869	0.0001	5
0.934	0.9995	1.00029	-0.82931	0.910779	0.0001	5
0.935	0.999499	1.00029	-0.830953	0.910689	0.0001	5
0.936	0.999499	1.00029	-0.832595	0.9106	0.0001	5
0.937	0.999498	1.00029	-0.834237	0.91051	0.0001	5
0.938	0.999498	1.00029	-0.835878	0.91042	0.0001	5
0.939	0.999497	1.00029	-0.837518	0.91033	0.0001	5
0.94	0.999497	1.00029	-0.839158	0.91024	0.0001	5
0.941	0.999496	1.00029	-0.840797	0.91015	0.0001	5
0.942	0.999496	1.00029	-0.842435	0.910061	0.0001	5
0.943	0.999495	1.00029	-0.844073	0.909971	0.0001	5
0.944	0.999495	1.00029	-0.84571	0.909881	0.0001	5
0.945	0.999494	1.00029	-0.847347	0.909791	0.0001	5
0.946	0.999493	1.00029	-0.848983	0.909702	0.0001	5
0.947	0.999493	1.00029	-0.850618	0.909612	0.0001	5
0.948	0.999492	1.00029	-0.852253	0.909522	0.0001	5
0.949	0.999492	1.00029	-0.853887	0.909432	0.0001	5
0.95	0.999491	1.00029	-0.85552	0.909343	0.0001	5
0.951	0.999491	1.00029	-0.857153	0.909253	0.0001	5
0.952	0.99949	1.00029	-0.858785	0.909163	0.0001	5
0.953	0.99949	1.00029	-0.860417	0.909074	0.0001	5
0.954	0.999489	1.00029	-0.862047	0.908984	0.0001	5
0.955	0.999489	1.00029	-0.863678	0.908894	0.0001	5
0.956	0.999488	1.00029	-0.865307	0.908805	0.0001	5
0.957	0.999488	1.00029	-0.866936	0.908715	0.0001	5
0.958	0.999487	1.00029	-0.868565	0.908625	0.0001	5
0.959	0.999486	1.00029	-0.870193	0.908536	0.0001	5
0.96	0.999486	1.00029	-0.87182	0.908446	0.0001	5
0.961	0.999485	1.00029	-0.873446	0.908357	0.0001	5
0.962	0.999485	1.00029	-0.875072	0.908267	0.0001	5
0.963	0.999484	1.00029	-0.876698	0.908178	0.0001	5
0.964	0.999484	1.0003	-0.878322	0.908088	0.0001	5
0.965	0.999483	1.0003	-0.879946	0.907998	0.0001	5
0.966	0.999483	1.0003	-0.88157	0.907909	0.0001	5
0.967	0.999482	1.0003	-0.883193	0.907819	0.0001	5
0.968	0.999482	1.0003	-0.884815	0.90773	0.0001	5
0.969	0.999481	1.0003	-0.886436	0.90764	0.0001	5
0.97	0.999481	1.0003	-0.888057	0.907551	0.0001	5
0.971	0.99948	1.0003	-0.889678	0.907461	0.0001	5
0.972	0.99948	1.0003	-0.891297	0.907372	0.0001	5
0.973	0.999479	1.0003	-0.892917	0.907283	0.0001	5
0.974	0.999478	1.0003	-0.894535	0.907193	0.0001	5
0.975	0.999478	1.0003	-0.896153	0.907104	0.0001	5
0.976	0.999477	1.0003	-0.89777	0.907014	0.0001	5
0.977	0.999477	1.0003	-0.899387	0.906925	0.0001	5
0.978	0.999476	1.0003	-0.901003	0.906835	0.0001	5
0.979	0.999476	1.0003	-0.902618	0.906746	0.0001	5
0.98	0.999475	1.0003	-0.904233	0.906657	0.0001	5
0.981	0.999475	1.0003	-0.905847	0.906567	0.0001	5
0.982	0.999474	1.0003	-0.90746	0.906478	0.0001	5
0.983	0.999474	1.0003	-0.909073	0.906389	0.0001	5
0.984	0.999473	1.0003	-0.910686	0.906299	0.0001	5
0.985	0.999473	1.0003	-0.912297	0.90621	0.0001	5
0.986	0.999472	1.0003	-0.913908	0.906121	0.0001	5
0.987	0.999471	1.0003	-0.915519	0.906031	0.0001	5
0.988	0.999471	1.0003	-0.917128	0.905942	0.0001	5
0.989	0.99947	1.0003	-0.918738	0.905853	0.0001	5
0.99	0.99947	1.0003	-0.920346	0.905764	0.0001	5
0.991	0.999469	1.0003	-0.921954	0.905674	0.0001	5
0.992	0.999469	1.0003	-0.923561	0.905585	0.0001	5
0.993	0.999468	1.0003	-0.925168	0.905496	0.0001	5
0.994	0.999468	1.0003	-0.926774	0.905407	0.0001	5
0.995	0.999467	1.0003	-0.928379	0.905318	0.0001	5
0.996	0.999467	1.0003	-0.929984	0.905228	0.0001	5
0.997	0.999466	1.00031	-0.931589	0.905139	0.0001	5
0.998	0.999466	1.00031	-0.933192	0.90505	0.0001	5
0.999	0.999465	1.00031	-0.934795	0.904961	0.0001	5
1	0.999465	1.00031	-0.936397	0.904872	0.0001	5
1.001	0.999464	1.00031	-0.937999	0.904783	0.0001	5
1.002	0.999463	1.00031	-0.9396	0.904693	0.0001	5
1.003	0.999463	1.00031	-0.941201	0.904604	0.0001	5
1.004	0.999462	1.00031	-0.942801	0.904515	0.0001	5
1.005	0.999462	1.00031	-0.9444	0.904426	0.0001	5
1.006	0.999461	1.00031	-0.945999	0.904337	0.0001	5
1.007	0.999461	1.00031	-0.947597	0.904248	0.0001	5
1.008	0.99946	1.00031	-0.949194	0.904159	0.0001	5
1.009	0.99946	1.00031	-0.950791	0.90407	0.0001	5
1.01	0.999459	1.00031	-0.952387	0.903981	0.0001	5
1.011	0.999459	1.00031	-0.953983	0.903892	0.0001	5
1.012	0.999458	1.00031	-0.955578	0.903803	0.0001	5
1.013	0.999458	1.00031	-0.957172	0.903714	0.0001	5
1.014	0.999457	1.00031	-0.958766	0.903625	0.0001	5
1.015	0.999456	1.00031	-0.960359	0.903536	0.0001	5
1.016	0.999456	1.00031	-0.961951	0.903447	0.0001	5
1.017	0.999455	1.00031	-0.963543	0.903358	0.0001	5
1.018	0.999455	1.00031	-0.965134	0.903269	0.0001	5
1.019	0.999454	1.00031	-0.966725	0.90318	0.0001	5
1.02	0.999454	1.00031	-0.968315	0.903091	0.0001	5
1.021	0.999453	1.00031	-0.969904	0.903002	0.0001	5
1.022	0.999453	1.00031	-0.971493	0.902913	0.0001	5
1.023	0.999452	1.00031	-0.973081	0.902824	0.0001	5
1.024	0.999452	1.00031	-0.974669	0.902735	0.0001	5
1.025	0.999451	1.00031	-0.976256	0.902647	0.0001	5
1.026	0.999451	1.00031	-0.977842	0.902558	0.0001	5
1.027	0.99945	1.00031	-0.979428	0.902469	0.0001	5
1.028	0.99945	1.00031	-0.981013	0.90238	0.0001	5
1.029	0.999449	1.00031	-0.982598	0.902291	0.0001	5
1.03	0.999448	1.00032	-0.984181	0.902202	0.0001	5
1.031	0.999448	1.00032	-0.985765	0.902114	0.0001	5
1.032	0.999447	1.00032	-0.987347	0.902025	0.0001	5
1.033	0.999447	1.00032	-0.988929	0.901936	0.0001	5
1.034	0.999446	1.00032	-0.990511	0.901847	0.0001	5
1.035	0.999446	1.00032	-0.992092	0.901758	0.0001	5
1.036	0.999445	1.00032	-0.993672	0.90167	0.0001	5
1.037	0.999445	1.00032	-0.995251	0.901581	0.0001	5
1.038	0.999444	1.00032	-0.99683	0.901492	0.0001	5
1.039	0.999444	1.00032	-0.998409	0.901404	0.0001	5
1.04	0.999443	1.00032	-0.999986	0.901315	0.0001	5
1.041	0.999443	1.00032	-1.00156	0.901226	0.0001	5
1.042	0.999442	1.00032	-1.00314	0.901137	0.0001	5
1.043	0.999441	1.00032	-1.00472	0.901049	0.0001	5
1.044	0.999441	1.00032	-1.00629	0.90096	0.0001	5
1.045	0.99944	1.00032	-1.00787	0.900871	0.0001	5
1.046	0.99944	1.00032	-1.00944	0.900783	0.0001	5
1.047	0.999439	1.00032	-1.01101	0.900694	0.0001	5
1.048	0.999439	1.00032	-1.01259	0.900606	0.0001	5
1.049	0.999438	1.00032	-1.01416	0.900517	0.0001	5
1.05	0.999438	1.00032	-1.01573	0.900428	0.0001	5
1.051	0.999437	1.00032	-1.0173	0.90034	0.0001	5
1.052	0.999437	1.00032	-1.01887	0.900251	0.0001	5
1.053	0.999436	1.00032	-1.02044	0.900163	0.0001	5
1.054	0.999436	1.00032	-1.02201	0.900074	0.0001	5
1.055	0.999435	1.00032	-1.02358	0.899986	0.0001	5
1.056	0.999435	1.00032	-1.02515	0.899897	0.0001	5
1.057	0.999434	1.00032	-1.02671	0.899809	0.0001	5
1.058	0.999433	1.00032	-1.02828	0.89972	0.0001	5
1.059	0.999433	1.00032	-1.02985	0.899631	0.0001	5
1.06	0.999432	1.00032	-1.03141	0.899543	0.0001	5
1.061	0.999432	1.00032	-1.03298	0.899455	0.0001	5
1.062	0.999431	1.00032	-1.03454	0.899366	0.0001	5
1.063	0.999431	1.00033	-1.03611	0.899278	0.0001	5
1.064	0.99943	1.00033	-1.03767	0.899189	0.0001	5
1.065	0.99943	1.00033	-1.03923	0.899101	0.0001	5
1.066	0.999429	1.00033	-1.04079	0.899012	0.0001	5
1.067	0.999429	1.00033	-1.04235	0.898924	0.0001	5
1.068	0.999428	1.00033	-1.04392	0.898836	0.0001	5
1.069	0.999428	1.00033	-1.04548	0.898747	0.0001	5
1.07	0.999427	1.00033	-1.04703	0.898659	0.0001	5
1.071	0.999427	1.00033	-1.04859	0.89857	0.0001	5
1.072	0.999426	1.00033	-1.05015	0.898482	0.0001	5
1.073	0.999425	1.00033	-1.05171	0.898394	0.0001	5
1.074	0.999425	1.00033	-1.05327	0.898305	0.0001	5
1.075	0.999424	1.00033	-1.05482	0.898217	0.0001	5
1.076	0.999424	1.00033	-1.05638	0.898129	0.0001	5
1.077	0.999423	1.00033	-1.05793	0.89804	0.0001	5
1.078	0.999423	1.00033	-1.05949	0.897952	0.0001	5
1.079	0.999422	1.00033	-1.06104	0.897864	0.0001	5
1.08	0.999422	1.00033	-1.0626	0.897776	0.0001	5
1.081	0.999421	1.00033	-1.06415	0.897687	0.0001	5
1.082	0.999421	1.00033	-1.0657	0.897599	0.0001	5
1.083	0.99942	1.00033	-1.06725	0.897511	0.0001	5
1.084	0.99942	1.00033	-1.0688	0.897423	0.0001	5
1.085	0.999419	1.00033	-1.07035	0.897334	0.0001	5
1.086	0.999418	1.00033	-1.0719	0.897246	0.0001	5
1.087	0.999418	1.00033	-1.07345	0.897158	0.0001	5
1.088	0.999417	1.00033	-1.075	0.89707	0.0001	5
1.089	0.999417	1.00033	-1.07655	0.896982	0.0001	5
1.09	0.999416	1.00033	-1.0781	0.896893	0.0001	5
1.091	0.999416	1.00033	-1.07964	0.896805	0.0001	5
1.092	0.999415	1.00033	-1.08119	0.896717	0.0001	5
1.093	0.999415	1.00033	-1.08273	0.896629	0.0001	5
1.094	0.999414	1.00033	-1.08428	0.896541	0.0001	5
1.095	0.999414	1.00033	-1.08582	0.896453	0.0001	5
1.096	0.999413	1.00033	-1.08737	0.896365	0.0001	5
1.097	0.999413	1.00034	-1.08891	0.896277	0.0001	5
1.098	0.999412	1.00034	-1.09045	0.896189	0.0001	5
1.099	0.999412	1.00034	-1.09199	0.8961	0.0001	5
1.1	0.999411	1.00034	-1.09354	0.896012	0.0001	5
1.101	0.99941	1.00034	-1.09508	0.895924	0.0001	5
1.102	0.99941	1.00034	-1.09662	0.895836	0.0001	5
1.103	0.999409	1.00034	-1.09816	0.895748	0.0001	5
1.104	0.999409	1.00034	-1.09969	0.89566	0.0001	5
1.105	0.999408	1.00034	-1.10123	0.895572	0.0001	5
1.106	0.999408	1.00034	-1.10277	0.895484	0.0001	5
1.107	0.999407	1.00034	-1.10431	0.895396	0.0001	5
1.108	0.999407	1.00034	-1.10584	0.895308	0.0001	5
1.109	0.999406	1.00034	-1.10738	0.89522	0.0001	5
1.11	0.999406	1.00034	-1.10892	0.895133	0.0001	5
1.111	0.999405	1.00034	-1.11045	0.895045	0.0001	5
1.112	0.999405	1.00034	-1.11198	0.894957	0.0001	5
1.113	0.999404	1.00034	-1.11352	0.894869	0.0001	5
1.114	0.999403	1.00034	-1.11505	0.894781	0.0001	5
1.115	0.999403	1.00034	-1.11658	0.894693	0.0001	5
1.116	0.999402	1.00034	-1.11811	0.894605	0.0001	5
1.117	0.999402	1.00034	-1.11964	0.894517	0.0001	5
1.118	0.999401	1.00034	-1.12118	0.894429	0.0001	5
1.119	0.999401	1.00034	-1.1227	0.894341	0.0001	5
1.12	0.9994	1.00034	-1.12423	0.894254	0.0001	5
1.121	0.9994	1.00034	-1.12576	0.894166	0.0001	5
1.122	0.999399	1.00034	-1.12729	0.894078	0.0001	5
1.123	0.999399	1.00034	-1.12882	0.89399	0.0001	5
1.124	0.999398	1.00034	-1.13034	0.893902	0.0001	5
1.125	0.999398	1.00034	-1.13187	0.893815	0.0001	5
1.126	0.999397	1.00034	-1.1334	0.893727	0.0001	5
1.127	0.999397	1.00034	-1.13492	0.893639	0.0001	5
1.128	0.999396	1.00034	-1.13645	0.893551	0.0001	5
1.129	0.999395	1.00034	-1.13797	0.893464	0.0001	5
1.13	0.999395	1.00035	-1.13949	0.893376	0.0001	5
1.131	0.999394	1.00035	-1.14102	0.893288	0.0001	5
1.132	0.999394	1.00035	-1.14254	0.8932	0.0001	5
1.133	0.999393	1.00035	-1.14406	0.893113	0.0001	5
1.134	0.999393	1.00035	-1.14558	0.893025	0.0001	5
1.135	0.999392	1.00035	-1.1471	0.892937	0.0001	5
1.136	0.999392	1.00035	-1.14862	0.89285	0.0001	5
1.137	0.999391	1.00035	-1.15014	0.892762	0.0001	5
1.138	0.999391	1.00035	-1.15166	0.892674	0.0001	5
1.139	0.99939	1.00035	-1.15317	0.892587	0.0001	5
1.14	0.99939	1.00035	-1.15469	0.892499	0.0001	5
1.141	0.999389	1.00035	-1.15621	0.892412	0.0001	5
1.142	0.999388	1.00035	-1.15772	0.892324	0.0001	5
1.143	0.999388	1.00035	-1.15924	0.892236	0.0001	5
1.144	0.999387	1.00035	-1.16075	0.892149	0.0001	5
1.145	0.999387	1.00035	-1.16227	0.892061	0.0001	5
1.146	0.999386	1.00035	-1.16378	0.891974	0.0001	5
1.147	0.999386	1.00035	-1.1653	0.891886	0.0001	5
1.148	0.999385	1.00035	-1.16681	0.891799	0.0001	5
1.149	0.999385	1.00035	-1.16832	0.891711	0.0001	5
1.15	0.999384	1.00035	-1.16983	0.891624	0.0001	5
1.151	0.999384	1.00035	-1.17134	0.891536	0.0001	5
1.152	0.999383	1.00035	-1.17285	0.891449	0.0001	5
1.153	0.999383	1.00035	-1.17436	0.891361	0.0001	5
1.154	0.999382	1.00035	-1.17587	0.891274	0.0001	5
1.155	0.999382	1.00035	-1.17738	0.891186	0.0001	5
1.156	0.999381	1.00035	-1.17889	0.891099	0.0001	5
1.157	0.99938	1.00035	-1.18039	0.891011	0.0001	5
1.158	0.99938	1.00035	-1.1819	0.890924	0.0001	5
1.159	0.999379	1.00035	-1.1834	0.890836	0.0001	5
1.16	0.999379	1.00035	-1.18491	0.890749	0.0001	5
1.161	0.999378	1.00035	-1.18641	0.890662	0.0001	5
1.162	0.999378	1.00035	-1.18792	0.890574	0.0001	5
1.163	0.999377	1.00036	-1.18942	0.890487	0.0001	5
1.164	0.999377	1.00036	-1.19093	0.890399	0.0001	5
1.165	0.999376	1.00036	-1.19243	0.890312	0.0001	5
1.166	0.999376	1.00036	-1.19393	0.890225	0.0001	5
1.167	0.999375	1.00036	-1.19543	0.890137	0.0001	5
1.168	0.999375	1.00036	-1.19693	0.89005	0.0001	5
1.169	0.999374	1.00036	-1.19843	0.889963	0.0001	5
1.17	0.999373	1.00036	-1.19993	0.889876	0.0001	5
1.171	0.999373	1.00036	-1.20143	0.889788	0.0001	5
1.172	0.999372	1.00036	-1.20293	0.889701	0.0001	5
1.173	0.999372	1.00036	-1.20442	0.889614	0.0001	5
1.174	0.999371	1.00036	-1.20592	0.889526	0.0001	5
1.175	0.999371	1.00036	-1.20742	0.889439	0.0001	5
1.176	0.99937	1.00036	-1.20891	0.889352	0.0001	5
1.177	0.99937	1.00036	-1.21041	0.889265	0.0001	5
1.178	0.999369	1.00036	-1.2119	0.889177	0.0001	5
1.179	0.999369	1.00036	-1.2134	0.88909	0.0001	5
1.18	0.999368	1.00036	-1.21489	0.889003	0.0001	5
1.181	0.999368	1.00036	-1.21638	0.888916	0.0001	5
1.182	0.999367	1.00036	-1.21787	0.888829	0.0001	5
1.183	0.999367	1.00036	-1.21937	0.888742	0.0001	5
1.184	0.999366	1.00036	-1.22086	0.888654	0.0001	5
1.185	0.999365	1.00036	-1.22235	0.888567	0.0001	5
1.186	0.999365	1.00036	-1.22384	0.88848	0.0001	5
1.187	0.999364	1.00036	-1.22533	0.888393	0.0001	5
1.188	0.999364	1.00036	-1.22682	0.888306	0.0001	5
1.189	0.999363	1.00036	-1.2283	0.888219	0.0001	5
1.19	0.999363	1.00036	-1.22979	0.888132	0.0001	5
1.191	0.999362	1.00036	-1.23128	0.888045	0.0001	5
1.192	0.999362	1.00036	-1.23276	0.887958	0.0001	5
1.193	0.999361	1.00036	-1.23425	0.887871	0.0001	5
1.194	0.999361	1.00036	-1.23573	0.887783	0.0001	5
1.195	0.99936	1.00036	-1.23722	0.887696	0.0001	5
1.196	0.99936	1.00036	-1.2387	0.887609	0.0001	5
1.197	0.999359	1.00037	-1.24019	0.887522	0.0001	5
1.198	0.999358	1.00037	-1.24167	0.887435	0.0001	5
1.199	0.999358	1.00037	-1.24315	0.887348	0.0001	5
1.2	0.999357	1.00037	-1.24463	0.887261	0.0001	5
1.201	0.999357	1.00037	-1.24611	0.887174	0.0001	5
1.202	0.999356	1.00037	-1.24759	0.887088	0.0001	5
1.203	0.999356	1.00037	-1.24907	0.887001	0.0001	5
1.204	0.999355	1.00037	-1.25055	0.886914	0.0001	5
1.205	0.999355	1.00037	-1.25203	0.886827	0.0001	5
1.206	0.999354	1.00037	-1.25351	0.88674	0.0001	5
1.207	0.999354	1.00037	-1.25499	0.886653	0.0001	5
1.208	0.999353	1.00037	-1.25646	0.886566	0.0001	5
1.209	0.999353	1.00037	-1.25794	0.886479	0.0001	5
1.21	0.999352	1.00037	-1.25941	0.886392	0.0001	5
1.211	0.999352	1.00037	-1.26089	0.886305	0.0001	5
1.212	0.999351	1.00037	-1.26236	0.886218	0.0001	5
1.213	0.99935	1.00037	-1.26384	0.886132	0.0001	5
1.214	0.99935	1.00037	-1.26531	0.886045	0.0001	5
1.215	0.999349	1.00037	-1.26678	0.885958	0.0001	5
1.216	0.999349	1.00037	-1.26826	0.885871	0.0001	5
1.217	0.999348	1.00037	-1.26973	0.885784	0.0001	5
1.218	0.999348	1.00037	-1.2712	0.885698	0.0001	5
1.219	0.999347	1.00037	-1.27267	0.885611	0.0001	5
1.22	0.999347	1.00037	-1.27414	0.885524	0.0001	5
1.221	0.999346	1.00037	-1.27561	0.885437	0.0001	5
1.222	0.999346	1.00037	-1.27708	0.885351	0.0001	5
1.223	0.999345	1.00037	-1.27854	0.885264	0.0001	5
1.224	0.999345	1.00037	-1.28001	0.885177	0.0001	5
1.225	0.999344	1.00037	-1.28148	0.88509	0.0001	5
1.226	0.999344	1.00037	-1.28294	0.885004	0.0001	5
1.227	0.999343	1.00037	-1.28441	0.884917	0.0001	5
1.228	0.999342	1.00037	-1.28587	0.88483	0.0001	5
1.229	0.999342	1.00037	-1.28734	0.884744	0.0001	5
1.23	0.999341	1.00038	-1.2888	0.884657	0.0001	5
1.231	0.999341	1.00038	-1.29027	0.88457	0.0001	5
1.232	0.99934	1.00038	-1.29173	0.884484	0.0001	5
1.233	0.99934	1.00038	-1.29319	0.884397	0.0001	5
1.234	0.999339	1.00038	-1.29465	0.88431	0.0001	5
1.235	0.999339	1.00038	-1.29611	0.884224	0.0001	5
1.236	0.999338	1.00038	-1.29757	0.884137	0.0001	5
1.237	0.999338	1.00038	-1.29903	0.884051	0.0001	5
1.238	0.999337	1.00038	-1.30049	0.883964	0.0001	5
1.239	0.999337	1.00038	-1.30195	0.883877	0.0001	5
1.24	0.999336	1.00038	-1.30341	0.883791	0.0001	5
1.241	0.999335	1.00038	-1.30487	0.883704	0.0001	5
1.242	0.999335	1.00038	-1.30632	0.883618	0.0001	5
1.243	0.999334	1.00038	-1.30778	0.883531	0.0001	5
1.244	0.999334	1.00038	-1.30924	0.883445	0.0001	5
1.245	0.999333	1.00038	-1.31069	0.883358	0.0001	5
1.246	0.999333	1.00038	-1.31214	0.883272	0.0001	5
1.247	0.999332	1.00038	-1.3136	0.883185	0.0001	5
1.248	0.999332	1.00038	-1.31505	0.883099	0.0001	5
1.249	0.999331	1.00038	-1.3165	0.883012	0.0001	5
1.25	0.999331	1.00038	-1.31796	0.882926	0.0001	5
1.251	0.99933	1.00038	-1.31941	0.882839	0.0001	5
1.252	0.99933	1.00038	-1.32086	0.882753	0.0001	5
1.253	0.999329	1.00038	-1.32231	0.882666	0.0001	5
1.254	0.999329	1.00038	-1.32376	0.88258	0.0001	5
1.255	0.999328	1.00038	-1.32521	0.882494	0.0001	5
1.256	0.999327	1.00038	-1.32666	0.882407	0.0001	5
1.257	0.999327	1.00038	-1.3281	0.882321	0.0001	5
1.258	0.999326	1.00038	-1.32955	0.882235	0.0001	5
1.259	0.999326	1.00038	-1.331	0.882148	0.0001	5
1.26	0.999325	1.00038	-1.33245	0.882062	0.0001	5
1.261	0.999325	1.00038	-1.33389	0.881975	0.0001	5
1.262	0.999324	1.00038	-1.33534	0.881889	0.0001	5
1.263	0.999324	1.00038	-1.33678	0.881803	0.0001	5
1.264	0.999323	1.00039	-1.33822	0.881717	0.0001	5
1.265	0.999323	1.00039	-1.33967	0.88163	0.0001	5
1.266	0.999322	1.00039	-1.34111	0.881544	0.0001	5
1.267	0.999322	1.00039	-1.34255	0.881458	0.0001	5
1.268	0.999321	1.00039	-1.34399	0.881371	0.0001	5
1.269	0.99932	1.00039	-1.34544	0.881285	0.0001	5
1.27	0.99932	1.00039	-1.34688	0.881199	0.0001	5
1.271	0.999319	1.00039	-1.34832	0.881113	0.0001	5
1.272	0.999319	1.00039	-1.34976	0.881026	0.0001	5
1.273	0.999318	1.00039	-1.35119	0.88094	0.0001	5
1.274	0.999318	1.00039	-1.35263	0.880854	0.0001	5
1.275	0.999317	1.00039	-1.35407	0.880768	0.0001	5
1.276	0.999317	1.00039	-1.35551	0.880682	0.0001	5
1.277	0.999316	1.00039	-1.35694	0.880595	0.0001	5
1.278	0.999316	1.00039	-1.35838	0.880509	0.0001	5
1.279	0.999315	1.00039	-1.35981	0.880423	0.0001	5
1.28	0.999315	1.00039	-1.36125	0.880337	0.0001	5
1.281	0.999314	1.00039	-1.36268	0.880251	0.0001	5
1.282	0.999314	1.00039	-1.36412	0.880165	0.0001	5
1.283	0.999313	1.00039	-1.36555	0.880079	0.0001	5
1.284	0.999312	1.00039	-1.36698	0.879993	0.0001	5
1.285	0.999312	1.00039	-1.36841	0.879906	0.0001	5
1.286	0.999311	1.00039	-1.36984	0.87982	0.0001	5
1.287	0.999311	1.00039	-1.37127	0.879734	0.0001	5
1.288	0.99931	1.00039	-1.3727	0.879648	0.0001	5
1.289	0.99931	1.00039	-1.37413	0.879562	0.0001	5
1.29	0.999309	1.00039	-1.37556	0.879476	0.0001	5
1.291	0.999309	1.00039	-1.37699	0.87939	0.0001	5
1.292	0.999308	1.00039	-1.37842	0.879304	0.0001	5
1.293	0.999308	1.00039	-1.37985	0.879218	0.0001	5
1.294	0.999307	1.00039	-1.38127	0.879132	0.0001	5
1.295	0.999307	1.00039	-1.3827	0.879046	0.0001	5
1.296	0.999306	1.00039	-1.38412	0.87896	0.0001	5
1.297	0.999305	1.0004	-1.38555	0.878874	0.0001	5
1.298	0.999305	1.0004	-1.38697	0.878788	0.0001	5
1.299	0.999304	1.0004	-1.3884	0.878702	0.0001	5
1.3	0.999304	1.0004	-1.38982	0.878616	0.0001	5
1.301	0.999303	1.0004	-1.39124	0.87853	0.0001	5
1.302	0.999303	1.0004	-1.39266	0.878444	0.0001	5
1.303	0.999302	1.0004	-1.39408	0.878359	0.0001	5
1.304	0.999302	1.0004	-1.39551	0.878273	0.0001	5
1.305	0.999301	1.0004	-1.39693	0.878187	0.0001	5
1.306	0.999301	1.0004	-1.39835	0.878101	0.0001	5
1.307	0.9993	1.0004	-1.39976	0.878015	0.0001	5
1.308	0.9993	1.0004	-1.40118	0.877929	0.0001	5
1.309	0.999299	1.0004	-1.4026	0.877843	0.0001	5
1.31	0.999299	1.0004	-1.40402	0.877758	0.0001	5
1.311	0.999298	1.0004	-1.40543	0.877672	0.0001	5
1.312	0.999297	1.0004	-1.40685	0.877586	0.0001	5
1.313	0.999297	1.0004	-1.40827	0.8775	0.0001	5
1.314	0.999296	1.0004	-1.40968	0.877414	0.0001	5
1.315	0.999296	1.0004	-1.4111	0.877329	0.0001	5
1.316	0.999295	1.0004	-1.41251	0.877243	0.0001	5
1.317	0.999295	1.0004	-1.41392	0.877157	0.0001	5
1.318	0.999294	1.0004	-1.41534	0.877071	0.0001	5
1.319	0.999294	1.0004	-1.41675	0.876986	0.0001	5
1.32	0.999293	1.0004	-1.41816	0.8769	0.0001	5
1.321	0.999293	1.0004	-1.41957	0.876814	0.0001	5
1.322	0.999292	1.0004	-1.42098	0.876728	0.0001	5
1.323	0.999292	1.0004	-1.42239	0.876643	0.0001	5
1.324	0.999291	1.0004	-1.4238	0.876557	0.0001	5
1.325	0.99929	1.0004	-1.42521	0.876471	0.0001	5
1.326	0.99929	1.0004	-1.42662	0.876386	0.0001	5
1.327	0.999289	1.0004	-1.42802	0.8763	0.0001	5
1.328	0.999289	1.0004	-1.42943	0.876214	0.0001	5
1.329	0.999288	1.0004	-1.43084	0.876129	0.0001	5
1.33	0.999288	1.0004	-1.43224	0.876043	0.0001	5
1.331	0.999287	1.00041	-1.43365	0.875957	0.0001	5
1.332	0.999287	1.00041	-1.43505	0.875872	0.0001	5
1.333	0.999286	1.00041	-1.43646	0.875786	0.0001	5
1.334	0.999286	1.00041	-1.43786	0.875701	0.0001	5
1.335	0.999285	1.00041	-1.43926	0.875615	0.0001	5
1.336	0.999285	1.00041	-1.44066	0.87553	0.0001	5
1.337	0.999284	1.00041	-1.44207	0.875444	0.0001	5
1.338	0.999284	1.00041	-1.44347	0.875358	0.0001	5
1.339	0.999283	1.00041	-1.44487	0.875273	0.0001	5
1.34	0.999282	1.00041	-1.44627	0.875187	0.0001	5
1.341	0.999282	1.00041	-1.44767	0.875102	0.0001	5
1.342	0.999281	1.00041	-1.44907	0.875016	0.0001	5
1.343	0.999281	1.00041	-1.45046	0.874931	0.0001	5
1.344	0.99928	1.00041	-1.45186	0.874845	0.0001	5
1.345	0.99928	1.00041	-1.45326	0.87476	0.0001	5
1.346	0.999279	1.00041	-1.45466	0.874674	0.0001	5
1.347	0.999279	1.00041	-1.45605	0.874589	0.0001	5
1.348	0.999278	1.00041	-1.45745	0.874504	0.0001	5
1.349	0.999278	1.00041	-1.45884	0.874418	0.0001	5
1.35	0.999277	1.00041	-1.46024	0.874333	0.0001	5
1.351	0.999277	1.00041	-1.46163	0.874247	0.0001	5
1.352	0.999276	1.00041	-1.46302	0.874162	0.0001	5
1.353	0.999275	1.00041	-1.46442	0.874077	0.0001	5
1.354	0.999275	1.00041	-1.46581	0.873991	0.0001	5
1.355	0.999274	1.00041	-1.4672	0.873906	0.0001	5
1.356	0.999274	1.00041	-1.46859	0.87382	0.0001	5
1.357	0.999273	1.00041	-1.46998	0.873735	0.0001	5
1.358	0.999273	1.00041	-1.47137	0.87365	0.0001	5
1.359	0.999272	1.00041	-1.47276	0.873564	0.0001	5
1.36	0.999272	1.00041	-1.47415	0.873479	0.0001	5
1.361	0.999271	1.00041	-1.47554	0.873394	0.0001	5
1.362	0.999271	1.00041	-1.47692	0.873309	0.0001	5
1.363	0.99927	1.00041	-1.47831	0.873223	0.0001	5
1.364	0.99927	1.00042	-1.4797	0.873138	0.0001	5
1.365	0.999269	1.00042	-1.48108	0.873053	0.0001	5
1.366	0.999269	1.00042	-1.48247	0.872967	0.0001	5
1.367	0.999268	1.00042	-1.48385	0.872882	0.0001	5
1.368	0.999267	1.00042	-1.48524	0.872797	0.0001	5
1.369	0.999267	1.00042	-1.48662	0.872712	0.0001	5
1.37	0.999266	1.00042	-1.488	0.872627	0.0001	5
1.371	0.999266	1.00042	-1.48938	0.872541	0.0001	5
1.372	0.999265	1.00042	-1.49077	0.872456	0.0001	5
1.373	0.999265	1.00042	-1.49215	0.872371	0.0001	5
1.374	0.999264	1.00042	-1.49353	0.872286	0.0001	5
1.375	0.999264	1.00042	-1.49491	0.872201	0.0001	5
1.376	0.999263	1.00042	-1.49629	0.872115	0.0001	5
1.377	0.999263	1.00042	-1.49767	0.87203	0.0001	5
1.378	0.999262	1.00042	-1.49904	0.871945	0.0001	5
1.379	0.999262	1.00042	-1.50042	0.87186	0.0001	5
1.38	0.999261	1.00042	-1.5018	0.871775	0.0001	5
1.381	0.999261	1.00042	-1.50318	0.87169	0.0001	5
1.382	0.99926	1.00042	-1.50455	0.871605	0.0001	5
1.383	0.999259	1.00042	-1.50593	0.87152	0.0001	5
1.384	0.999259	1.00042	-1.5073	0.871435	0.0001	5
1.385	0.999258	1.00042	-1.50868	0.87135	0.0001	5
1.386	0.999258	1.00042	-1.51005	0.871264	0.0001	5
1.387	0.999257	1.00042	-1.51142	0.871179	0.0001	5
1.388	0.999257	1.00042	-1.5128	0.871094	0.0001	5
1.389	0.999256	1.00042	-1.51417	0.871009	0.0001	5
1.39	0.999256	1.00042	-1.51554	0.870924	0.0001	5
1.391	0.999255	1.00042	-1.51691	0.870839	0.0001	5
1.392	0.999255	1.00042	-1.51828	0.870754	0.0001	5
1.393	0.999254	1.00042	-1.51965	0.870669	0.0001	5
1.394	0.999254	1.00042	-1.52102	0.870584	0.0001	5
1.395	0.999253	1.00042	-1.52239	0.870499	0.0001	5
1.396	0.999252	1.00042	-1.52376	0.870415	0.0001	5
1.397	0.999252	1.00042	-1.52512	0.87033	0.0001	5
1.398	0.999251	1.00043	-1.52649	0.870245	0.0001	5
1.399	0.999251	1.00043	-1.52786	0.87016	0.0001	5
1.4	0.99925	1.00043	-1.52922	0.870075	0.0001	5
1.401	0.99925	1.00043	-1.53059	0.86999	0.0001	5
1.402	0.999249	1.00043	-1.53195	0.869905	0.0001	5
1.403	0.999249	1.00043	-1.53332	0.86982	0.0001	5
1.404	0.999248	1.00043	-1.53468	0.869735	0.0001	5
1.405	0.999248	1.00043	-1.53604	0.86965	0.0001	5
1.406	0.999247	1.00043	-1.53741	0.869566	0.0001	5
1.407	0.999247	1.00043	-1.53877	0.869481	0.0001	5
1.408	0.999246	1.00043	-1.54013	0.869396	0.0001	5
1.409	0.999246	1.00043	-1.54149	0.869311	0.0001	5
1.41	0.999245	1.00043	-1.54285	0.869226	0.0001	5
1.411	0.999244	1.00043	-1.54421	0.869141	0.0001	5
1.412	0.999244	1.00043	-1.54557	0.869057	0.0001	5
1.413	0.999243	1.00043	-1.54693	0.868972	0.0001	5
1.414	0.999243	1.00043	-1.54829	0.868887	0.0001	5
1.415	0.999242	1.00043	-1.54964	0.868802	0.0001	5
1.416	0.999242	1.00043	-1.551	0.868718	0.0001	5
1.417	0.999241	1.00043	-1.55236	0.868633	0.0001	5
1.418	0.999241	1.00043	-1.55371	0.868548	0.0001	5
1.419	0.99924	1.00043	-1.55507	0.868463	0.0001	5
1.42	0.99924	1.00043	-1.55642	0.868379	0.0001	5
1.421	0.999239	1.00043	-1.55778	0.868294	0.0001	5
1.422	0.999239	1.00043	-1.55913	0.868209	0.0001	5
1.423	0.999238	1.00043	-1.56048	0.868125	0.0001	5
1.424	0.999237	1.00043	-1.56183	0.86804	0.0001	5
1.425	0.999237	1.00043	-1.56319	0.867955	0.0001	5
1.426	0.999236	1.00043	-1.56454	0.867871	0.0001	5
1.427	0.999236	1.00043	-1.56589	0.867786	0.0001	5
1.428	0.999235	1.00043	-1.56724	0.867701	0.0001	5
1.429	0.999235	1.00043	-1.56859	0.867617	0.0001	5
1.43	0.999234	1.00043	-1.56994	0.867532	0.0001	5
1.431	0.999234	1.00044	-1.57128	0.867448	0.0001	5
1.432	0.999233	1.00044	-1.57263	0.867363	0.0001	5
1.433	0.999233	1.00044	-1.57398	0.867278	0.0001	5
1.434	0.999232	1.00044	-1.57533	0.867194	0.0001	5
1.435	0.999232	1.00044	-1.57667	0.867109	0.0001	5
1.436	0.999231	1.00044	-1.57802	0.867025	0.0001	5
1.437	0.999231	1.00044	-1.57936	0.86694	0.0001	5
1.438	0.99923	1.00044	-1.58071	0.866856	0.0001	5
1.439	0.999229	1.00044	-1.58205	0.866771	0.0001	5
1.44	0.999229	1.00044	-1.58339	0.866687	0.0001	5
1.441	0.999228	1.00044	-1.58474	0.866602	0.0001	5
1.442	0.999228	1.00044	-1.58608	0.866518	0.0001	5
1.443	0.999227	1.00044	-1.58742	0.866433	0.0001	5
1.444	0.999227	1.00044	-1.58876	0.866349	0.0001	5
1.445	0.999226	1.00044	-1.5901	0.866264	0.0001	5
1.446	0.999226	1.00044	-1.59144	0.86618	0.0001	5
1.447	0.999225	1.00044	-1.59278	0.866095	0.0001	5
1.448	0.999225	1.00044	-1.59412	0.866011	0.0001	5
1.449	0.999224	1.00044	-1.59546	0.865927	0.0001	5
1.45	0.999224	1.00044	-1.5968	0.865842	0.0001	5
1.451	0.999223	1.00044	-1.59813	0.865758	0.0001	5
1.452	0.999222	1.00044	-1.59947	0.865673	0.0001	5
1.453	0.999222	1.00044	-1.60081	0.865589	0.0001	5
1.454	0.999221	1.00044	-1.60214	0.865505	0.0001	5
1.455	0.999221	1.00044	-1.60348	0.86542	0.0001	5
1.456	0.99922	1.00044	-1.60481	0.865336	0.0001	5
1.457	0.99922	1.00044	-1.60614	0.865252	0.0001	5
1.458	0.999219	1.00044	-1.60748	0.865167	0.0001	5
1.459	0.999219	1.00044	-1.60881	0.865083	0.0001	5
1.46	0.999218	1.00044	-1.61014	0.864999	0.0001	5
1.461	0.999218	1.00044	-1.61147	0.864914	0.0001	5
1.462	0.999217	1.00044	-1.61281	0.86483	0.0001	5
1.463	0.999217	1.00044	-1.61414	0.864746	0.0001	5
1.464	0.999216	1.00044	-1.61547	0.864662	0.0001	5
1.465	0.999216	1.00045	-1.61679	0.864577	0.0001	5
1.466	0.999215	1.00045	-1.61812	0.864493	0.0001	5
1.467	0.999214	1.00045	-1.61945	0.864409	0.0001	5
1.468	0.999214	1.00045	-1.62078	0.864325	0.0001	5
1.469	0.999213	1.00045	-1.62211	0.86424	0.0001	5
1.47	0.999213	1.00045	-1.62343	0.864156	0.0001	5
1.471	0.999212	1.00045	-1.62476	0.864072	0.0001	5
1.472	0.999212	1.00045	-1.62608	0.863988	0.0001	5
1.473	0.999211	1.00045	-1.62741	0.863904	0.0001	5
1.474	0.999211	1.00045	-1.62873	0.86382	0.0001	5
1.475	0.99921	1.00045	-1.63006	0.863735	0.0001	5
1.476	0.99921	1.00045	-1.63138	0.863651	0.0001	5
1.477	0.999209	1.00045	-1.6327	0.863567	0.0001	5
1.478	0.999209	1.00045	-1.63403	0.863483	0.0001	5
1.479	0.999208	1.00045	-1.63535	0.863399	0.0001	5
1.48	0.999207	1.00045	-1.63667	0.863315	0.0001	5
1.481	0.999207	1.00045	-1.63799	0.863231	0.0001	5
1.482	0.999206	1.00045	-1.63931	0.863147	0.0001	5
1.483	0.999206	1.00045	-1.64063	0.863062	0.0001	5
1.484	0.999205	1.00045	-1.64195	0.862978	0.0001	5
1.485	0.999205	1.00045	-1.64326	0.862894	0.0001	5
1.486	0.999204	1.00045	-1.64458	0.86281	0.0001	5
1.487	0.999204	1.00045	-1.6459	0.862726	0.0001	5
1.488	0.999203	1.00045	-1.64722	0.862642	0.0001	5
1.489	0.999203	1.00045	-1.64853	0.862558	0.0001	5
1.49	0.999202	1.00045	-1.64985	0.862474	0.0001	5
1.491	0.999202	1.00045	-1.65116	0.86239	0.0001	5
1.492	0.999201	1.00045	-1.65248	0.862306	0.0001	5
1.493	0.999201	1.00045	-1.65379	0.862222	0.0001	5
1.494	0.9992	1.00045	-1.6551	0.862138	0.0001	5
1.495	0.999199	1.00045	-1.65642	0.862054	0.0001	5
1.496	0.999199	1.00045	-1.65773	0.86197	0.0001	5
1.497	0.999198	1.00045	-1.65904	0.861886	0.0001	5
1.498	0.999198	1.00045	-1.66035	0.861803	0.0001	5
1.499	0.999197	1.00046	-1.66166	0.861719	0.0001	5
1.5	0.999197	1.00046	-1.66297	0.861635	0.0001	5
1.501	0.999196	1.00046	-1.66428	0.861551	0.0001	5
1.502	0.999196	1.00046	-1.66559	0.861467	0.0001	5
1.503	0.999195	1.00046	-1.6669	0.861383	0.0001	5
1.504	0.999195	1.00046	-1.6682	0.861299	0.0001	5
1.505	0.999194	1.00046	-1.66951	0.861215	0.0001	5
1.506	0.999194	1.00046	-1.67082	0.861131	0.0001	5
1.507	0.999193	1.00046	-1.67212	0.861048	0.0001	5
1.508	0.999193	1.00046	-1.67343	0.860964	0.0001	5
1.509	0.999192	1.00046	-1.67473	0.86088	0.0001	5
1.51	0.999191	1.00046	-1.67604	0.860796	0.0001	5
1.511	0.999191	1.00046	-1.67734	0.860712	0.0001	5
1.512	0.99919	1.00046	-1.67864	0.860629	0.0001	5
1.513	0.99919	1.00046	-1.67995	0.860545	0.0001	5
1.514	0.999189	1.00046	-1.68125	0.860461	0.0001	5
1.515	0.999189	1.00046	-1.68255	0.860377	0.0001	5
1.516	0.999188	1.00046	-1.68385	0.860294	0.0001	5
1.517	0.999188	1.00046	-1.68515	0.86021	0.0001	5
1.518	0.999187	1.00046	-1.68645	0.860126	0.0001	5
1.519	0.999187	1.00046	-1.68775	0.860042	0.0001	5
1.52	0.999186	1.00046	-1.68905	0.859959	0.0001	5
1.521	0.999186	1.00046	-1.69035	0.859875	0.0001	5
1.522	0.999185	1.00046	-1.69165	0.859791	0.0001	5
1.523	0.999184	1.00046	-1.69294	0.859708	0.0001	5
1.524	0.999184	1.00046	-1.69424	0.859624	0.0001	5
1.525	0.999183	1.00046	-1.69554	0.85954	0.0001	5
1.526	0.999183	1.00046	-1.69683	0.859457	0.0001	5
1.527	0.999182	1.00046	-1.69813	0.859373	0.0001	5
1.528	0.999182	1.00046	-1.69942	0.859289	0.0001	5
1.529	0.999181	1.00046	-1.70071	0.859206	0.0001	5
1.53	0.999181	1.00046	-1.70201	0.859122	0.0001	5
1.531	0.99918	1.00046	-1.7033	0.859039	0.0001	5
1.532	0.99918	1.00047	-1.70459	0.858955	0.0001	5
1.533	0.999179	1.00047	-1.70588	0.858871	0.0001	5
1.534	0.999179	1.00047	-1.70718	0.858788	0.0001	5
1.535	0.999178	1.00047	-1.70847	0.858704	0.0001	5
1.536	0.999178	1.00047	-1.70976	0.858621	0.0001	5
1.537	0.999177	1.00047	-1.71105	0.858537	0.0001	5
1.538	0.999176	1.00047	-1.71233	0.858454	0.0001	5
1.539	0.999176	1.00047	-1.71362	0.85837	0.0001	5
1.54	0.999175	1.00047	-1.71491	0.858287	0.0001	5
1.541	0.999175	1.00047	-1.7162	0.858203	0.0001	5
1.542	0.999174	1.00047	-1.71748	0.85812	0.0001	5
1.543	0.999174	1.00047	-1.71877	0.858036	0.0001	5
1.544	0.999173	1.00047	-1.72006	0.857953	0.0001	5
1.545	0.999173	1.00047	-1.72134	0.857869	0.0001	5
1.546	0.999172	1.00047	-1.72263	0.857786	0.0001	5
1.547	0.999172	1.00047	-1.72391	0.857702	0.0001	5
1.548	0.999171	1.00047	-1.72519	0.857619	0.0001	5
1.549	0.999171	1.00047	-1.72648	0.857535	0.0001	5
1.55	0.99917	1.00047	-1.72776	0.857452	0.0001	5
1.551	0.999169	1.00047	-1.72904	0.857369	0.0001	5
1.552	0.999169	1.00047	-1.73032	0.857285	0.0001	5
1.553	0.999168	1.00047	-1.7316	0.857202	0.0001	5
1.554	0.999168	1.00047	-1.73288	0.857118	0.0001	5
1.555	0.999167	1.00047	-1.73416	0.857035	0.0001	5
1.556	0.999167	1.00047	-1.73544	0.856952	0.0001	5
1.557	0.999166	1.00047	-1.73672	0.856868	0.0001	5
1.558	0.999166	1.00047	-1.738	0.856785	0.0001	5
1.559	0.999165	1.00047	-1.73927	0.856702	0.0001	5
1.56	0.999165	1.00047	-1.74055	0.856618	0.0001	5
1.561	0.999164	1.00047	-1.74183	0.856535	0.0001	5
1.562	0.999164	1.00047	-1.7431	0.856452	0.0001	5
1.563	0.999163	1.00047	-1.74438	0.856369	0.0001	5
1.564	0.999163	1.00047	-1.74565	0.856285	0.0001	5
1.565	0.999162	1.00047	-1.74693	0.856202	0.0001	5
1.566	0.999161	1.00048	-1.7482	0.856119	0.0001	5
1.567	0.999161	1.00048	-1.74947	0.856036	0.0001	5
1.568	0.99916	1.00048	-1.75075	0.855952	0.0001	5
1.569	0.99916	1.00048	-1.75202	0.855869	0.0001	5
1.57	0.999159	1.00048	-1.75329	0.855786	0.0001	5
1.571	0.999159	1.00048	-1.75456	0.855703	0.0001	5
1.572	0.999158	1.00048	-1.75583	0.855619	0.0001	5
1.573	0.999158	1.00048	-1.7571	0.855536	0.0001	5
1.574	0.999157	1.00048	-1.75837	0.855453	0.0001	5
1.575	0.999157	1.00048	-1.75964	0.85537	0.0001	5
1.576	0.999156	1.00048	-1.76091	0.855287	0.0001	5
1.577	0.999156	1.00048	-1.76217	0.855204	0.0001	5
1.578	0.999155	1.00048	-1.76344	0.85512	0.0001	5
1.579	0.999154	1.00048	-1.76471	0.855037	0.0001	5
1.58	0.999154	1.00048	-1.76597	0.854954	0.0001	5
1.581	0.999153	1.00048	-1.76724	0.854871	0.0001	5
1.582	0.999153	1.00048	-1.7685	0.854788	0.0001	5
1.583	0.999152	1.00048	-1.76977	0.854705	0.0001	5
1.584	0.999152	1.00048	-1.77103	0.854622	0.0001	5
1.585	0.999151	1.00048	-1.77229	0.854539	0.0001	5
1.586	0.999151	1.00048	-1.77356	0.854456	0.0001	5
1.587	0.99915	1.00048	-1.77482	0.854373	0.0001	5
1.588	0.99915	1.00048	-1.77608	0.85429	0.0001	5
1.589	0.999149	1.00048	-1.77734	0.854207	0.0001	5
1.59	0.999149	1.00048	-1.7786	0.854124	0.0001	5
1.591	0.999148	1.00048	-1.77986	0.854041	0.0001	5
1.592	0.999148	1.00048	-1.78112	0.853958	0.0001	5
1.593	0.999147	1.00048	-1.78238	0.853875	0.0001	5
1.594	0.999146	1.00048	-1.78364	0.853792	0.0001	5
1.595	0.999146	1.00048	-1.7849	0.853709	0.0001	5
1.596	0.999145	1.00048	-1.78615	0.853626	0.0001	5
1.597	0.999145	1.00048	-1.78741	0.853543	0.0001	5
1.598	0.999144	1.00048	-1.78867	0.85346	0.0001	5
1.599	0.999144	1.00048	-1.78992	0.853377	0.0001	5
1.6	0.999143	1.00049	-1.79118	0.853294	0.0001	5
1.601	0.999143	1.00049	-1.79243	0.853211	0.0001	5
1.602	0.999142	1.00049	-1.79368	0.853128	0.0001	5
1.603	0.999142	1.00049	-1.79494	0.853045	0.0001	5
1.604	0.999141	1.00049	-1.79619	0.852962	0.0001	5
1.605	0.999141	1.00049	-1.79744	0.852879	0.0001	5
1.606	0.99914	1.00049	-1.79869	0.852797	0.0001	5
1.607	0.999139	1.00049	-1.79995	0.852714	0.0001	5
1.608	0.999139	1.00049	-1.8012	0.852631	0.0001	5
1.609	0.999138	1.00049	-1.80245	0.852548	0.0001	5
1.61	0.999138	1.00049	-1.8037	0.852465	0.0001	5
1.611	0.999137	1.00049	-1.80495	0.852382	0.0001	5
1.612	0.999137	1.00049	-1.80619	0.8523	0.0001	5
1.613	0.999136	1.00049	-1.80744	0.852217	0.0001	5
1.614	0.999136	1.00049	-1.80869	0.852134	0.0001	5
1.615	0.999135	1.00049	-1.80994	0.852051	0.0001	5
1.616	0.999135	1.00049	-1.81118	0.851968	0.0001	5
1.617	0.999134	1.00049	-1.81243	0.851886	0.0001	5
1.618	0.999134	1.00049	-1.81367	0.851803	0.0001	5
1.619	0.999133	1.00049	-1.81492	0.85172	0.0001	5
1.62	0.999133	1.00049	-1.81616	0.851637	0.0001	5
1.621	0.999132	1.00049	-1.81741	0.851555	0.0001	5
1.622	0.999131	1.00049	-1.81865	0.851472	0.0001	5
1.623	0.999131	1.00049	-1.81989	0.851389	0.0001	5
1.624	0.99913	1.00049	-1.82113	0.851307	0.0001	5
1.625	0.99913	1.00049	-1.82238	0.851224	0.0001	5
1.626	0.999129	1.00049	-1.82362	0.851141	0.0001	5
1.627	0.999129	1.00049	-1.82486	0.851059	0.0001	5
1.628	0.999128	1.00049	-1.8261	0.850976	0.0001	5
1.629	0.999128	1.00049	-1.82734	0.850893	0.0001	5
1.63	0.999127	1.00049	-1.82858	0.850811	0.0001	5
1.631	0.999127	1.00049	-1.82981	0.850728	0.0001	5
1.632	0.999126	1.00049	-1.83105	0.850645	0.0001	5
1.633	0.999126	1.00049	-1.83229	0.850563	0.0001	5
1.634	0.999125	1.0005	-1.83353	0.85048	0.0001	5
1.635	0.999125	1.0005	-1.83476	0.850398	0.0001	5
1.636	0.999124	1.0005	-1.836	0.850315	0.0001	5
1.637	0.999123	1.0005	-1.83723	0.850233	0.0001	5
1.638	0.999123	1.0005	-1.83847	0.85015	0.0001	5
1.639	0.999122	1.0005	-1.8397	0.850067	0.0001	5
1.64	0.999122	1.0005	-1.84093	0.849985	0.0001	5
1.641	0.999121	1.0005	-1.84217	0.849902	0.0001	5
1.642	0.999121	1.0005	-1.8434	0.84982	0.0001	5
1.643	0.99912	1.0005	-1.84463	0.849737	0.0001	5
1.644	0.99912	1.0005	-1.84586	0.849655	0.0001	5
1.645	0.999119	1.0005	-1.84709	0.849572	0.0001	5
1.646	0.999119	1.0005	-1.84832	0.84949	0.0001	5
1.647	0.999118	1.0005	-1.84955	0.849407	0.0001	5
1.648	0.999118	1.0005	-1.85078	0.849325	0.0001	5
1.649	0.999117	1.0005	-1.85201	0.849243	0.0001	5
1.65	0.999116	1.0005	-1.85324	0.84916	0.0001	5
1.651	0.999116	1.0005	-1.85447	0.849078	0.0001	5
1.652	0.999115	1.0005	-1.85569	0.848995	0.0001	5
1.653	0.999115	1.0005	-1.85692	0.848913	0.0001	5
1.654	0.999114	1.0005	-1.85815	0.84883	0.0001	5
1.655	0.999114	1.0005	-1.85937	0.848748	0.0001	5
1.656	0.999113	1.0005	-1.8606	0.848666	0.0001	5
1.657	0.999113	1.0005	-1.86182	0.848583	0.0001	5
1.658	0.999112	1.0005	-1.86304	0.848501	0.0001	5
1.659	0.999112	1.0005	-1.86427	0.848419	0.0001	5
1.66	0.999111	1.0005	-1.86549	0.848336	0.0001	5
1.661	0.999111	1.0005	-1.86671	0.848254	0.0001	5
1.662	0.99911	1.0005	-1.86793	0.848172	0.0001	5
1.663	0.99911	1.0005	-1.86915	0.848089	0.0001	5
1.664	0.999109	1.0005	-1.87037	0.848007	0.0001	5
1.665	0.999108	1.0005	-1.87159	0.847925	0.0001	5
1.666	0.999108	1.0005	-1.87281	0.847842	0.0001	5
1.667	0.999107	1.00051	-1.87403	0.84776	0.0001	5
1.668	0.999107	1.00051	-1.87525	0.847678	0.0001	5
1.669	0.999106	1.00051	-1.87647	0.847596	0.0001	5
1.67	0.999106	1.00051	-1.87769	0.847513	0.0001	5
1.671	0.999105	1.00051	-1.8789	0.847431	0.0001	5
1.672	0.999105	1.00051	-1.88012	0.847349	0.0001	5
1.673	0.999104	1.00051	-1.88134	0.847267	0.0001	5
1.674	0.999104	1.00051	-1.88255	0.847184	0.0001	5
1.675	0.999103	1.00051	-1.88377	0.847102	0.0001	5
1.676	0.999103	1.00051	-1.88498	0.84702	0.0001	5
1.677	0.999102	1.00051	-1.88619	0.846938	0.0001	5
1.678	0.999101	1.00051	-1.88741	0.846856	0.0001	5
1.679	0.999101	1.00051	-1.88862	0.846773	0.0001	5
1.68	0.9991	1.00051	-1.88983	0.846691	0.0001	5
1.681	0.9991	1.00051	-1.89104	0.846609	0.0001	5
1.682	0.999099	1.00051	-1.89225	0.846527	0.0001	5
1.683	0.999099	1.00051	-1.89346	0.846445	0.0001	5
1.684	0.999098	1.00051	-1.89467	0.846363	0.0001	5
1.685	0.999098	1.00051	-1.89588	0.846281	0.0001	5
1.686	0.999097	1.00051	-1.89709	0.846199	0.0001	5
1.687	0.999097	1.00051	-1.8983	0.846117	0.0001	5
1.688	0.999096	1.00051	-1.89951	0.846034	0.0001	5
1.689	0.999096	1.00051	-1.90071	0.845952	0.0001	5
1.69	0.999095	1.00051	-1.90192	0.84587	0.0001	5
1.691	0.999095	1.00051	-1.90313	0.845788	0.0001	5
1.692	0.999094	1.00051	-1.90433	0.845706	0.0001	5
1.693	0.999093	1.00051	-1.90554	0.845624	0.0001	5
1.694	0.999093	1.00051	-1.90674	0.845542	0.0001	5
1.695	0.999092	1.00051	-1.90795	0.84546	0.0001	5
1.696	0.999092	1.00051	-1.90915	0.845378	0.0001	5
1.697	0.999091	1.00051	-1.91035	0.845296	0.0001	5
1.698	0.999091	1.00051	-1.91156	0.845214	0.0001	5
1.699	0.99909	1.00051	-1.91276	0.845132	0.0001	5
1.7	0.99909	1.00051	-1.91396	0.84505	0.0001	5
1.701	0.999089	1.00052	-1.91516	0.844968	0.0001	5
1.702	0.999089	1.00052	-1.91636	0.844886	0.0001	5
1.703	0.999088	1.00052	-1.91756	0.844804	0.0001	5
1.704	0.999088	1.00052	-1.91876	0.844723	0.0001	5
1.705	0.999087	1.00052	-1.91996	0.844641	0.0001	5
1.706	0.999086	1.00052	-1.92116	0.844559	0.0001	5
1.707	0.999086	1.00052	-1.92235	0.844477	0.0001	5
1.708	0.999085	1.00052	-1.92355	0.844395	0.0001	5
1.709	0.999085	1.00052	-1.92475	0.844313	0.0001	5
1.71	0.999084	1.00052	-1.92594	0.844231	0.0001	5
1.711	0.999084	1.00052	-1.92714	0.844149	0.0001	5
1.712	0.999083	1.00052	-1.92833	0.844068	0.0001	5
1.713	0.999083	1.00052	-1.92953	0.843986	0.0001	5
1.714	0.999082	1.00052	-1.93072	0.843904	0.0001	5
1.715	0.999082	1.00052	-1.93191	0.843822	0.0001	5
1.716	0.999081	1.00052	-1.93311	0.84374	0.0001	5
1.717	0.999081	1.00052	-1.9343	0.843658	0.0001	5
1.718	0.99908	1.00052	-1.93549	0.843577	0.0001	5
1.719	0.99908	1.00052	-1.93668	0.843495	0.0001	5
1.72	0.999079	1.00052	-1.93787	0.843413	0.0001	5
1.721	0.999078	1.00052	-1.93906	0.843331	0.0001	5
1.722	0.999078	1.00052	-1.94025	0.84325	0.0001	5
1.723	0.999077	1.00052	-1.94144	0.843168	0.0001	5
1.724	0.999077	1.00052	-1.94263	0.843086	0.0001	5
1.725	0.999076	1.00052	-1.94382	0.843004	0.0001	5
1.726	0.999076	1.00052	-1.94501	0.842923	0.0001	5
1.727	0.999075	1.00052	-1.94619	0.842841	0.0001	5
1.728	0.999075	1.00052	-1.94738	0.842759	0.0001	5
1.729	0.999074	1.00052	-1.94857	0.842678	0.0001	5
1.73	0.999074	1.00052	-1.94975	0.842596	0.0001	5
1.731	0.999073	1.00052	-1.95094	0.842514	0.0001	5
1.732	0.999073	1.00052	-1.95212	0.842433	0.0001	5
1.733	0.999072	1.00052	-1.95331	0.842351	0.0001	5
1.734	0.999071	1.00052	-1.95449	0.842269	0.0001	5
1.735	0.999071	1.00053	-1.95567	0.842188	0.0001	5
1.736	0.99907	1.00053	-1.95685	0.842106	0.0001	5
1.737	0.99907	1.00053	-1.95804	0.842024	0.0001	5
1.738	0.999069	1.00053	-1.95922	0.841943	0.0001	5
1.739	0.999069	1.00053	-1.9604	0.841861	0.0001	5
1.74	0.999068	1.00053	-1.96158	0.84178	0.0001	5
1.741	0.999068	1.00053	-1.96276	0.841698	0.0001	5
1.742	0.999067	1.00053	-1.96394	0.841617	0.0001	5
1.743	0.999067	1.00053	-1.96511	0.841535	0.0001	5
1.744	0.999066	1.00053	-1.96629	0.841453	0.0001	5
1.745	0.999066	1.00053	-1.96747	0.841372	0.0001	5
1.746	0.999065	1.00053	-1.96865	0.84129	0.0001	5
1.747	0.999065	1.00053	-1.96982	0.841209	0.0001	5
1.748	0.999064	1.00053	-1.971	0.841127	0.0001	5
1.749	0.999063	1.00053	-1.97218	0.841046	0.0001	5
1.75	0.999063	1.00053	-1.97335	0.840964	0.0001	5
1.751	0.999062	1.00053	-1.97452	0.840883	0.0001	5
1.752	0.999062	1.00053	-1.9757	0.840801	0.0001	5
1.753	0.999061	1.00053	-1.97687	0.84072	0.0001	5
1.754	0.999061	1.00053	-1.97804	0.840638	0.0001	5
1.755	0.99906	1.00053	-1.97922	0.840557	0.0001	5
1.756	0.99906	1.00053	-1.98039	0.840476	0.0001	5
1.757	0.999059	1.00053	-1.98156	0.840394	0.0001	5
1.758	0.999059	1.00053	-1.98273	0.840313	0.0001	5
1.759	0.999058	1.00053	-1.9839	0.840231	0.0001	5
1.76	0.999058	1.00053	-1.98507	0.84015	0.0001	5
1.761	0.999057	1.00053	-1.98624	0.840069	0.0001	5
1.762	0.999056	1.00053	-1.98741	0.839987	0.0001	5
1.763	0.999056	1.00053	-1.98858	0.839906	0.0001	5
1.764	0.999055	1.00053	-1.98974	0.839825	0.0001	5
1.765	0.999055	1.00053	-1.99091	0.839743	0.0001	5
1.766	0.999054	1.00053	-1.99208	0.839662	0.0001	5
1.767	0.999054	1.00053	-1.99324	0.839581	0.0001	5
1.768	0.999053	1.00053	-1.99441	0.839499	0.0001	5
1.769	0.999053	1.00054	-1.99557	0.839418	0.0001	5
1.77	0.999052	1.00054	-1.99674	0.839337	0.0001	5
1.771	0.999052	1.00054	-1.9979	0.839255	0.0001	5
1.772	0.999051	1.00054	-1.99907	0.839174	0.0001	5
1.773	0.999051	1.00054	-2.00023	0.839093	0.0001	5
1.774	0.99905	1.00054	-2.00139	0.839011	0.0001	5
1.775	0.99905	1.00054	-2.00255	0.83893	0.0001	5
1.776	0.999049	1.00054	-2.00371	0.838849	0.0001	5
1.777	0.999048	1.00054	-2.00487	0.838768	0.0001	5
1.778	0.999048	1.00054	-2.00603	0.838687	0.0001	5
1.779	0.999047	1.00054	-2.00719	0.838605	0.0001	5
1.78	0.999047	1.00054	-2.00835	0.838524	0.0001	5
1.781	0.999046	1.00054	-2.00951	0.838443	0.0001	5
1.782	0.999046	1.00054	-2.01067	0.838362	0.0001	5
1.783	0.999045	1.00054	-2.01183	0.838281	0.0001	5
1.784	0.999045	1.00054	-2.01299	0.838199	0.0001	5
1.785	0.999044	1.00054	-2.01414	0.838118	0.0001	5
1.786	0.999044	1.00054	-2.0153	0.838037	0.0001	5
1.787	0.999043	1.00054	-2.01645	0.837956	0.0001	5
1.788	0.999043	1.00054	-2.01761	0.837875	0.0001	5
1.789	0.999042	1.00054	-2.01876	0.837794	0.0001	5
1.79	0.999042	1.00054	-2.01992	0.837713	0.0001	5
1.791	0.999041	1.00054	-2.02107	0.837631	0.0001	5
1.792	0.99904	1.00054	-2.02222	0.83755	0.0001	5
1.793	0.99904	1.00054	-2.02338	0.837469	0.0001	5
1.794	0.999039	1.00054	-2.02453	0.837388	0.0001	5
1.795	0.999039	1.00054	-2.02568	0.837307	0.0001	5
1.796	0.999038	1.00054	-2.02683	0.837226	0.0001	5
1.797	0.999038	1.00054	-2.02798	0.837145	0.0001	5
1.798	0.999037	1.00054	-2.02913	0.837064	0.0001	5
1.799	0.999037	1.00054	-2.03028	0.836983	0.0001	5
1.8	0.999036	1.00054	-2.03143	0.836902	0.0001	5
1.801	0.999036	1.00054	-2.03258	0.836821	0.0001	5
1.802	0.999035	1.00054	-2.03372	0.83674	0.0001	5
1.803	0.999035	1.00055	-2.03487	0.836659	0.0001	5
1.804	0.999034	1.00055	-2.03602	0.836578	0.0001	5
1.805	0.999033	1.00055	-2.03716	0.836497	0.0001	5
1.806	0.999033	1.00055	-2.03831	0.836416	0.0001	5
1.807	0.999032	1.00055	-2.03945	0.836335	0.0001	5
1.808	0.999032	1.00055	-2.0406	0.836254	0.0001	5
1.809	0.999031	1.00055	-2.04174	0.836173	0.0001	5
1.81	0.999031	1.00055	-2.04289	0.836092	0.0001	5
1.811	0.99903	1.00055	-2.04403	0.836011	0.0001	5
1.812	0.99903	1.00055	-2.04517	0.83593	0.0001	5
1.813	0.999029	1.00055	-2.04631	0.83585	0.0001	5
1.814	0.999029	1.00055	-2.04746	0.835769	0.0001	5
1.815	0.999028	1.00055	-2.0486	0.835688	0.0001	5
1.816	0.999028	1.00055	-2.04974	0.835607	0.0001	5
1.817	0.999027	1.00055	-2.05088	0.835526	0.0001	5
1.818	0.999027	1.00055	-2.05202	0.835445	0.0001	5
1.819	0.999026	1.00055	-2.05316	0.835364	0.0001	5
1.82	0.999025	1.00055	-2.05429	0.835284	0.0001	5
1.821	0.999025	1.00055	-2.05543	0.835203	0.0001	5
1.822	0.999024	1.00055	-2.05657	0.835122	0.0001	5
1.823	0.999024	1.00055	-2.05771	0.835041	0.0001	5
1.824	0.999023	1.00055	-2.05884	0.83496	0.0001	5
1.825	0.999023	1.00055	-2.05998	0.83488	0.0001	5
1.826	0.999022	1.00055	-2.06111	0.834799	0.0001	5
1.827	0.999022	1.00055	-2.06225	0.834718	0.0001	5
1.828	0.999021	1.00055	-2.06338	0.834637	0.0001	5
1.829	0.999021	1.00055	-2.06452	0.834556	0.0001	5
1.83	0.99902	1.00055	-2.06565	0.834476	0.0001	5
1.831	0.99902	1.00055	-2.06678	0.834395	0.0001	5
1.832	0.999019	1.00055	-2.06791	0.834314	0.0001	5
1.833	0.999018	1.00055	-2.06905	0.834234	0.0001	5
1.834	0.999018	1.00055	-2.07018	0.834153	0.0001	5
1.835	0.999017	1.00055	-2.07131	0.834072	0.0001	5
1.836	0.999017	1.00055	-2.07244	0.833991	0.0001	5
1.837	0.999016	1.00056	-2.07357	0.833911	0.0001	5
1.838	0.999016	1.00056	-2.0747	0.83383	0.0001	5
1.839	0.999015	1.00056	-2.07582	0.83375	0.0001	5
1.84	0.999015	1.00056	-2.07695	0.833669	0.0001	5
1.841	0.999014	1.00056	-2.07808	0.833588	0.0001	5
1.842	0.999014	1.00056	-2.07921	0.833508	0.0001	5
1.843	0.999013	1.00056	-2.08033	0.833427	0.0001	5
1.844	0.999013	1.00056	-2.08146	0.833346	0.0001	5
1.845	0.999012	1.00056	-2.08258	0.833266	0.0001	5
1.846	0.999012	1.00056	-2.08371	0.833185	0.0001	5
1.847	0.999011	1.00056	-2.08483	0.833105	0.0001	5
1.848	0.99901	1.00056	-2.08596	0.833024	0.0001	5
1.849	0.99901	1.00056	-2.08708	0.832943	0.0001	5
1.85	0.999009	1.00056	-2.0882	0.832863	0.0001	5
1.851	0.999009	1.00056	-2.08933	0.832782	0.0001	5
1.852	0.999008	1.00056	-2.09045	0.832702	0.0001	5
1.853	0.999008	1.00056	-2.09157	0.832621	0.0001	5
1.854	0.999007	1.00056	-2.09269	0.832541	0.0001	5
1.855	0.999007	1.00056	-2.09381	0.83246	0.0001	5
1.856	0.999006	1.00056	-2.09493	0.83238	0.0001	5
1.857	0.999006	1.00056	-2.09605	0.832299	0.0001	5
1.858	0.999005	1.00056	-2.09717	0.832219	0.0001	5
1.859	0.999005	1.00056	-2.09829	0.832138	0.0001	5
1.86	0.999004	1.00056	-2.0994	0.832058	0.0001	5
1.861	0.999003	1.00056	-2.10052	0.831977	0.0001	5
1.862	0.999003	1.00056	-2.10164	0.831897	0.0001	5
1.863	0.999002	1.00056	-2.10275	0.831817	0.0001	5
1.864	0.999002	1.00056	-2.10387	0.831736	0.0001	5
1.865	0.999001	1.00056	-2.10499	0.831656	0.0001	5
1.866	0.999001	1.00056	-2.1061	0.831575	0.0001	5
1.867	0.999	1.00056	-2.10721	0.831495	0.0001	5
1.868	0.999	1.00056	-2.10833	0.831414	0.0001	5
1.869	0.998999	1.00056	-2.10944	0.831334	0.0001	5
1.87	0.998999	1.00056	-2.11055	0.831254	0.0001	5
1.871	0.998998	1.00057	-2.11167	0.831173	0.0001	5
1.872	0.998998	1.00057	-2.11278	0.831093	0.0001	5
1.873	0.998997	1.00057	-2.11389	0.831013	0.0001	5
1.874	0.998997	1.00057	-2.115	0.830932	0.0001	5
1.875	0.998996	1.00057	-2.11611	0.830852	0.0001	5
1.876	0.998995	1.00057	-2.11722	0.830772	0.0001	5
1.877	0.998995	1.00057	-2.11833	0.830691	0.0001	5
1.878	0.998994	1.00057	-2.11944	0.830611	0.0001	5
1.879	0.998994	1.00057	-2.12054	0.830531	0.0001	5
1.88	0.998993	1.00057	-2.12165	0.830451	0.0001	5
1.881	0.998993	1.00057	-2.12276	0.83037	0.0001	5
1.882	0.998992	1.00057	-2.12386	0.83029	0.0001	5
1.883	0.998992	1.00057	-2.12497	0.83021	0.0001	5
1.884	0.998991	1.00057	-2.12608	0.83013	0.0001	5
1.885	0.998991	1.00057	-2.12718	0.830049	0.0001	5
1.886	0.99899	1.00057	-2.12829	0.829969	0.0001	5
1.887	0.99899	1.00057	-2.12939	0.829889	0.0001	5
1.888	0.998989	1.00057	-2.13049	0.829809	0.0001	5
1.889	0.998988	1.00057	-2.1316	0.829728	0.0001	5
1.89	0.998988	1.00057	-2.1327	0.829648	0.0001	5
1.891	0.998987	1.00057	-2.1338	0.829568	0.0001	5
1.892	0.998987	1.00057	-2.1349	0.829488	0.0001	5
1.893	0.998986	1.00057	-2.136	0.829408	0.0001	5
1.894	0.998986	1.00057	-2.1371	0.829328	0.0001	5
1.895	0.998985	1.00057	-2.1382	0.829247	0.0001	5
1.896	0.998985	1.00057	-2.1393	0.829167	0.0001	5
1.897	0.998984	1.00057	-2.1404	0.829087	0.0001	5
1.898	0.998984	1.00057	-2.1415	0.829007	0.0001	5
1.899	0.998983	1.00057	-2.1426	0.828927	0.0001	5
1.9	0.998983	1.00057	-2.14369	0.828847	0.0001	5
1.901	0.998982	1.00057	-2.14479	0.828767	0.0001	5
1.902	0.998982	1.00057	-2.14589	0.828687	0.0001	5
1.903	0.998981	1.00057	-2.14698	0.828607	0.0001	5
1.904	0.99898	1.00057	-2.14808	0.828527	0.0001	5
1.905	0.99898	1.00058	-2.14917	0.828447	0.0001	5
1.906	0.998979	1.00058	-2.15027	0.828367	0.0001	5
1.907	0.998979	1.00058	-2.15136	0.828287	0.0001	5
1.908	0.998978	1.00058	-2.15245	0.828206	0.0001	5
1.909	0.998978	1.00058	-2.15355	0.828126	0.0001	5
1.91	0.998977	1.00058	-2.15464	0.828046	0.0001	5
1.911	0.998977	1.00058	-2.15573	0.827966	0.0001	5
1.912	0.998976	1.00058	-2.15682	0.827887	0.0001	5
1.913	0.998976	1.00058	-2.15791	0.827807	0.0001	5
1.914	0.998975	1.00058	-2.159	0.827727	0.0001	5
1.915	0.998975	1.00058	-2.16009	0.827647	0.0001	5
1.916	0.998974	1.00058	-2.16118	0.827567	0.0001	5
1.917	0.998974	1.00058	-2.16227	0.827487	0.0001	5
1.918	0.998973	1.00058	-2.16336	0.827407	0.0001	5
1.919	0.998972	1.00058	-2.16444	0.827327	0.0001	5
1.92	0.998972	1.00058	-2.16553	0.827247	0.0001	5
1.921	0.998971	1.00058	-2.16662	0.827167	0.0001	5
1.922	0.998971	1.00058	-2.1677	0.827087	0.0001	5
1.923	0.99897	1.00058	-2.16879	0.827007	0.0001	5
1.924	0.99897	1.00058	-2.16987	0.826927	0.0001	5
1.925	0.998969	1.00058	-2.17096	0.826848	0.0001	5
1.926	0.998969	1.00058	-2.17204	0.826768	0.0001	5
1.927	0.998968	1.00058	-2.17313	0.826688	0.0001	5
1.928	0.998968	1.00058	-2.17421	0.826608	0.0001	5
1.929	0.998967	1.00058	-2.17529	0.826528	0.0001	5
1.93	0.998967	1.00058	-2.17637	0.826448	0.0001	5
1.931	0.998966	1.00058	-2.17745	0.826369	0.0001	5
1.932	0.998965	1.00058	-2.17854	0.826289	0.0001	5
1.933	0.998965	1.00058	-2.17962	0.826209	0.0001	5
1.934	0.998964	1.00058	-2.1807	0.826129	0.0001	5
1.935	0.998964	1.00058	-2.18178	0.826049	0.0001	5
1.936	0.998963	1.00058	-2.18285	0.82597	0.0001	5
1.937	0.998963	1.00058	-2.18393	0.82589	0.0001	5
1.938	0.998962	1.00058	-2.18501	0.82581	0.0001	5
1.939	0.998962	1.00059	-2.18609	0.82573	0.0001	5
1.94	0.998961	1.00059	-2.18717	0.825651	0.0001	5
1.941	0.998961	1.00059	-2.18824	0.825571	0.0001	5
1.942	0.99896	1.00059	-2.18932	0.825491	0.0001	5
1.943	0.99896	1.00059	-2.19039	0.825411	0.0001	5
1.944	0.998959	1.00059	-2.19147	0.825332	0.0001	5
1.945	0.998959	1.00059	-2.19254	0.825252	0.0001	5
1.946	0.998958	1.00059	-2.19362	0.825172	0.0001	5
1.947	0.998957	1.00059	-2.19469	0.825093	0.0001	5
1.948	0.998957	1.00059	-2.19576	0.825013	0.0001	5
1.949	0.998956	1.00059	-2.19683	0.824933	0.0001	5
1.95	0.998956	1.00059	-2.19791	0.824854	0.0001	5
1.951	0.998955	1.00059	-2.19898	0.824774	0.0001	5
1.952	0.998955	1.00059	-2.20005	0.824695	0.0001	5
1.953	0.998954	1.00059	-2.20112	0.824615	0.0001	5
1.954	0.998954	1.00059	-2.20219	0.824535	0.0001	5
1.955	0.998953	1.00059	-2.20326	0.824456	0.0001	5
1.956	0.998953	1.00059	-2.20433	0.824376	0.0001	5
1.957	0.998952	1.00059	-2.2054	0.824297	0.0001	5
1.958	0.998952	1.00059	-2.20646	0.824217	0.0001	5
1.959	0.998951	1.00059	-2.20753	0.824137	0.0001	5
1.96	0.99895	1.00059	-2.2086	0.824058	0.0001	5
1.961	0.99895	1.00059	-2.20966	0.823978	0.0001	5
1.962	0.998949	1.00059	-2.21073	0.823899	0.0001	5
1.963	0.998949	1.00059	-2.21179	0.823819	0.0001	5
1.964	0.998948	1.00059	-2.21286	0.82374	0.0001	5
1.965	0.998948	1.00059	-2.21392	0.82366	0.0001	5
1.966	0.998947	1.00059	-2.21499	0.823581	0.0001	5
1.967	0.998947	1.00059	-2.21605	0.823501	0.0001	5
1.968	0.998946	1.00059	-2.21711	0.823422	0.0001	5
1.969	0.998946	1.00059	-2.21818	0.823342	0.0001	5
1.97	0.998945	1.00059	-2.21924	0.823263	0.0001	5
1.971	0.998945	1.00059	-2.2203	0.823183	0.0001	5
1.972	0.998944	1.00059	-2.22136	0.823104	0.0001	5
1.973	0.998944	1.0006	-2.22242	0.823025	0.0001	5
1.974	0.998943	1.0006	-2.22348	0.822945	0.0001	5
1.975	0.998942	1.0006	-2.22454	0.822866	0.0001	5
1.976	0.998942	1.0006	-2.2256	0.822786	0.0001	5
1.977	0.998941	1.0006	-2.22666	0.822707	0.0001	5
1.978	0.998941	1.0006	-2.22771	0.822628	0.0001	5
1.979	0.99894	1.0006	-2.22877	0.822548	0.0001	5
1.98	0.99894	1.0006	-2.22983	0.822469	0.0001	5
1.981	0.998939	1.0006	-2.23088	0.822389	0.0001	5
1.982	0.998939	1.0006	-2.23194	0.82231	0.0001	5
1.983	0.998938	1.0006	-2.233	0.822231	0.0001	5
1.984	0.998938	1.0006	-2.23405	0.822151	0.0001	5
1.985	0.998937	1.0006	-2.2351	0.822072	0.0001	5
1.986	0.998937	1.0006	-2.23616	0.821993	0.0001	5
1.987	0.998936	1.0006	-2.23721	0.821914	0.0001	5
1.988	0.998935	1.0006	-2.23826	0.821834	0.0001	5
1.989	0.998935	1.0006	-2.23932	0.821755	0.0001	5
1.99	0.998934	1.0006	-2.24037	0.821676	0.0001	5
1.991	0.998934	1.0006	-2.24142	0.821596	0.0001	5
1.992	0.998933	1.0006	-2.24247	0.821517	0.0001	5
1.993	0.998933	1.0006	-2.24352	0.821438	0.0001	5
1.994	0.998932	1.0006	-2.24457	0.821359	0.0001	5
1.995	0.998932	1.0006	-2.24562	0.821279	0.0001	5
1.996	0.998931	1.0006	-2.24667	0.8212	0.0001	5
1.997	0.998931	1.0006	-2.24772	0.821121	0.0001	5
1.998	0.99893	1.0006	-2.24876	0.821042	0.0001	5
1.999	0.99893	1.0006	-2.24981	0.820963	0.0001	5
2	0.998929	1.0006	-2.25086	0.820883	0.0001	5
2.001	0.998929	1.0006	-2.24885	0.820859	0.0006	5
2.002	0.998928	1.0006	-2.24623	0.820846	0.0006	5
2.003	0.998927	1.0006	-2.24361	0.820833	0.0006	5
2.004	0.998927	1.0006	-2.24099	0.82082	0.0006	5
2.005	0.998926	1.0006	-2.23837	0.820806	0.0006	5
2.006	0.998926	1.0006	-2.23575	0.820793	0.0006	5
2.007	0.998925	1.00061	-2.23313	0.82078	0.0006	5
2.008	0.998925	1.00061	-2.23051	0.820767	0.0006	5
2.009	0.998924	1.00061	-2.22789	0.820754	0.0006	5
2.01	0.998924	1.00061	-2.22528	0.82074	0.0006	5
2.011	0.998923	1.00061	-2.22266	0.820727	0.0006	5
2.012	0.998923	1.00061	-2.22004	0.820714	0.0006	5
2.013	0.998922	1.00061	-2.21742	0.820701	0.0006	5
2.014	0.998922	1.00061	-2.2148	0.820688	0.0006	5
2.015	0.998921	1.00061	-2.21218	0.820674	0.0006	5
2.016	0.99892	1.00061	-2.20956	0.820661	0.0006	5
2.017	0.99892	1.00061	-2.20694	0.820648	0.0006	5
2.018	0.998919	1.00061	-2.20432	0.820635	0.0006	5
2.019	0.998919	1.00061	-2.2017	0.820622	0.0006	5
2.02	0.998918	1.00061	-2.19908	0.820608	0.0006	5
2.021	0.998918	1.00061	-2.19647	0.820595	0.0006	5
2.022	0.998917	1.00061	-2.19385	0.820582	0.0006	5
2.023	0.998917	1.00061	-2.19123	0.820569	0.0006	5
2.024	0.998916	1.00061	-2.18861	0.820556	0.0006	5
2.025	0.998916	1.00061	-2.18599	0.820542	0.0006	5
2.026	0.998915	1.00061	-2.18337	0.820529	0.0006	5
2.027	0.998915	1.00061	-2.18075	0.820516	0.0006	5
2.028	0.998914	1.00061	-2.17813	0.820503	0.0006	5
2.029	0.998914	1.00061	-2.17551	0.820489	0.0006	5
2.03	0.998913	1.00061	-2.1729	0.820476	0.0006	5
2.031	0.998912	1.00061	-2.17028	0.820463	0.0006	5
2.032	0.998912	1.00061	-2.16766	0.82045	0.0006	5
2.033	0.998911	1.00061	-2.16504	0.820437	0.0006	5
2.034	0.998911	1.00061	-2.16242	0.820423	0.0006	5
2.035	0.99891	1.00061	-2.1598	0.82041	0.0006	5
2.036	0.99891	1.00061	-2.15718	0.820397	0.0006	5
2.037	0.998909	1.00061	-2.15456	0.820384	0.0006	5
2.038	0.998909	1.00061	-2.15195	0.820371	0.0006	5
2.039	0.998908	1.00061	-2.14933	0.820357	0.0006	5
2.04	0.998908	1.00061	-2.14671	0.820344	0.0006	5
2.041	0.998907	1.00062	-2.14409	0.820331	0.0006	5
2.042	0.998907	1.00062	-2.14147	0.820318	0.0006	5
2.043	0.998906	1.00062	-2.13885	0.820305	0.0006	5
2.044	0.998906	1.00062	-2.13624	0.820291	0.0006	5
2.045	0.998905	1.00062	-2.13362	0.820278	0.0006	5
2.046	0.998904	1.00062	-2.131	0.820265	0.0006	5
2.047	0.998904	1.00062	-2.12838	0.820252	0.0006	5
2.048	0.998903	1.00062	-2.12576	0.820238	0.0006	5
2.049	0.998903	1.00062	-2.12314	0.820225	0.0006	5
2.05	0.998902	1.00062	-2.12053	0.820212	0.0006	5
2.051	0.998902	1.00062	-2.11791	0.820199	0.0006	5
2.052	0.998901	1.00062	-2.11529	0.820186	0.0006	5
2.053	0.998901	1.00062	-2.11267	0.820172	0.0006	5
2.054	0.9989	1.00062	-2.11005	0.820159	0.0006	5
2.055	0.9989	1.00062	-2.10743	0.820146	0.0006	5
2.056	0.998899	1.00062	-2.10482	0.820133	0.0006	5
2.057	0.998899	1.00062	-2.1022	0.82012	0.0006	5
2.058	0.998898	1.00062	-2.09958	0.820106	0.0006	5
2.059	0.998897	1.00062	-2.09696	0.820093	0.0006	5
2.06	0.998897	1.00062	-2.09434	0.82008	0.0006	5
2.061	0.998896	1.00062	-2.09173	0.820067	0.0006	5
2.062	0.998896	1.00062	-2.08911	0.820053	0.0006	5
2.063	0.998895	1.00062	-2.08649	0.82004	0.0006	5
2.064	0.998895	1.00062	-2.08387	0.820027	0.0006	5
2.065	0.998894	1.00062	-2.08125	0.820014	0.0006	5
2.066	0.998894	1.00062	-2.07864	0.820001	0.0006	5
2.067	0.998893	1.00062	-2.07602	0.819987	0.0006	5
2.068	0.998893	1.00062	-2.0734	0.819974	0.0006	5
2.069	0.998892	1.00062	-2.07078	0.819961	0.0006	5
2.07	0.998892	1.00062	-2.06816	0.819948	0.0006	5
2.071	0.998891	1.00062	-2.06555	0.819934	0.0006	5
2.072	0.998891	1.00062	-2.06293	0.819921	0.0006	5
2.073	0.99889	1.00062	-2.06031	0.819908	0.0006	5
2.074	0.998889	1.00062	-2.05769	0.819895	0.0006	5
2.075	0.998889	1.00063	-2.05508	0.819882	0.0006	5
2.076	0.998888	1.00063	-2.05246	0.819868	0.0006	5
2.077	0.998888	1.00063	-2.04984	0.819855	0.0006	5
2.078	0.998887	1.00063	-2.04722	0.819842	0.0006	5
2.079	0.998887	1.00063	-2.04461	0.819829	0.0006	5
2.08	0.998886	1.00063	-2.04199	0.819815	0.0006	5
2.081	0.998886	1.00063	-2.03937	0.819802	0.0006	5
2.082	0.998885	1.00063	-2.03675	0.819789	0.0006	5
2.083	0.998885	1.00063	-2.03414	0.819776	0.0006	5
2.084	0.998884	1.00063	-2.03152	0.819763	0.0006	5
2.085	0.998884	1.00063	-2.0289	0.819749	0.0006	5
2.086	0.998883	1.00063	-2.02628	0.819736	0.0006	5
2.087	0.998882	1.00063	-2.02367	0.819723	0.0006	5
2.088	0.998882	1.00063	-2.02105	0.81971	0.0006	5
2.089	0.998881	1.00063	-2.01843	0.819696	0.0006	5
2.09	0.998881	1.00063	-2.01581	0.819683	0.0006	5
2.091	0.99888	1.00063	-2.0132	0.81967	0.0006	5
2.092	0.99888	1.00063	-2.01058	0.819657	0.0006	5
2.093	0.998879	1.00063	-2.00796	0.819644	0.0006	5
2.094	0.998879	1.00063	-2.00534	0.81963	0.0006	5
2.095	0.998878	1.00063	-2.00273	0.819617	0.0006	5
2.096	0.998878	1.00063	-2.00011	0.819604	0.0006	5
2.097	0.998877	1.00063	-1.99749	0.819591	0.0006	5
2.098	0.998877	1.00063	-1.99488	0.819577	0.0006	5
2.099	0.998876	1.00063	-1.99226	0.819564	0.0006	5
2.1	0.998876	1.00063	-1.98964	0.819551	0.0006	5
2.101	0.998875	1.00063	-1.98702	0.819538	0.0006	5
2.102	0.998874	1.00063	-1.98441	0.819524	0.0006	5
2.103	0.998874	1.00063	-1.98179	0.819511	0.0006	5
2.104	0.998873	1.00063	-1.97917	0.819498	0.0006	5
2.105	0.998873	1.00063	-1.97656	0.819485	0.0006	5
2.106	0.998872	1.00063	-1.97394	0.819472	0.0006	5
2.107	0.998872	1.00063	-1.97132	0.819458	0.0006	5
2.108	0.998871	1.00064	-1.96871	0.819445	0.0006	5
2.109	0.998871	1.00064	-1.96609	0.819432	0.0006	5
2.11	0.99887	1.00064	-1.96347	0.819419	0.0006	5
2.111	0.99887	1.00064	-1.96086	0.819405	0.0006	5
2.112	0.998869	1.00064	-1.95824	0.819392	0.0006	5
2.113	0.998869	1.00064	-1.95562	0.819379	0.0006	5
2.114	0.998868	1.00064	-1.953	0.819366	0.0006	5
2.115	0.998867	1.00064	-1.95039	0.819352	0.0006	5
2.116	0.998867	1.00064	-1.94777	0.819339	0.0006	5
2.117	0.998866	1.00064	-1.94515	0.819326	0.0006	5
2.118	0.998866	1.00064	-1.94254	0.819313	0.0006	5
2.119	0.998865	1.00064	-1.93992	0.819299	0.0006	5
2.12	0.998865	1.00064	-1.9373	0.819286	0.0006	5
2.121	0.998864	1.00064	-1.93469	0.819273	0.0006	5
2.122	0.998864	1.00064	-1.93207	0.81926	0.0006	5
2.123	0.998863	1.00064	-1.92946	0.819247	0.0006	5
2.124	0.998863	1.00064	-1.92684	0.819233	0.0006	5
2.125	0.998862	1.00064	-1.92422	0.81922	0.0006	5
2.126	0.998862	1.00064	-1.92161	0.819207	0.0006	5
2.127	0.998861	1.00064	-1.91899	0.819194	0.0006	5
2.128	0.998861	1.00064	-1.91637	0.81918	0.0006	5
2.129	0.99886	1.00064	-1.91376	0.819167	0.0006	5
2.13	0.998859	1.00064	-1.91114	0.819154	0.0006	5
2.131	0.998859	1.00064	-1.90852	0.819141	0.0006	5
2.132	0.998858	1.00064	-1.90591	0.819127	0.0006	5
2.133	0.998858	1.00064	-1.90329	0.819114	0.0006	5
2.134	0.998857	1.00064	-1.90067	0.819101	0.0006	5
2.135	0.998857	1.00064	-1.89806	0.819088	0.0006	5
2.136	0.998856	1.00064	-1.89544	0.819074	0.0006	5
2.137	0.998856	1.00064	-1.89283	0.819061	0.0006	5
2.138	0.998855	1.00064	-1.89021	0.819048	0.0006	5
2.139	0.998855	1.00064	-1.88759	0.819035	0.0006	5
2.14	0.998854	1.00064	-1.88498	0.819021	0.0006	5
2.141	0.998854	1.00064	-1.88236	0.819008	0.0006	5
2.142	0.998853	1.00065	-1.87975	0.818995	0.0006	5
2.143	0.998852	1.00065	-1.87713	0.818982	0.0006	5
2.144	0.998852	1.00065	-1.87451	0.818968	0.0006	5
2.145	0.998851	1.00065	-1.8719	0.818955	0.0006	5
2.146	0.998851	1.00065	-1.86928	0.818942	0.0006	5
2.147	0.99885	1.00065	-1.86667	0.818929	0.0006	5
2.148	0.99885	1.00065	-1.86405	0.818915	0.0006	5
2.149	0.998849	1.00065	-1.86143	0.818902	0.0006	5
2.15	0.998849	1.00065	-1.85882	0.818889	0.0006	5
2.151	0.998848	1.00065	-1.8562	0.818876	0.0006	5
2.152	0.998848	1.00065	-1.85359	0.818862	0.0006	5
2.153	0.998847	1.00065	-1.85097	0.818849	0.0006	5
2.154	0.998847	1.00065	-1.84835	0.818836	0.0006	5
2.155	0.998846	1.00065	-1.84574	0.818823	0.0006	5
2.156	0.998846	1.00065	-1.84312	0.818809	0.0006	5
2.157	0.998845	1.00065	-1.84051	0.818796	0.0006	5
2.158	0.998844	1.00065	-1.83789	0.818783	0.0006	5
2.159	0.998844	1.00065	-1.83528	0.81877	0.0006	5
2.16	0.998843	1.00065	-1.83266	0.818756	0.0006	5
2.161	0.998843	1.00065	-1.83004	0.818743	0.0006	5
2.162	0.998842	1.00065	-1.82743	0.81873	0.0006	5
2.163	0.998842	1.00065	-1.82481	0.818717	0.0006	5
2.164	0.998841	1.00065	-1.8222	0.818703	0.0006	5
2.165	0.998841	1.00065	-1.81958	0.81869	0.0006	5
2.166	0.99884	1.00065	-1.81697	0.818677	0.0006	5
2.167	0.99884	1.00065	-1.81435	0.818664	0.0006	5
2.168	0.998839	1.00065	-1.81174	0.81865	0.0006	5
2.169	0.998839	1.00065	-1.80912	0.818637	0.0006	5
2.17	0.998838	1.00065	-1.80651	0.818624	0.0006	5
2.171	0.998837	1.00065	-1.80389	0.818611	0.0006	5
2.172	0.998837	1.00065	-1.80127	0.818597	0.0006	5
2.173	0.998836	1.00065	-1.79866	0.818584	0.0006	5
2.174	0.998836	1.00065	-1.79604	0.818571	0.0006	5
2.175	0.998835	1.00065	-1.79343	0.818558	0.0006	5
2.176	0.998835	1.00066	-1.79081	0.818544	0.0006	5
2.177	0.998834	1.00066	-1.7882	0.818531	0.0006	5
2.178	0.998834	1.00066	-1.78558	0.818518	0.0006	5
2.179	0.998833	1.00066	-1.78297	0.818505	0.0006	5
2.18	0.998833	1.00066	-1.78035	0.818491	0.0006	5
2.181	0.998832	1.00066	-1.77774	0.818478	0.0006	5
2.182	0.998832	1.00066	-1.77512	0.818465	0.0006	5
2.183	0.998831	1.00066	-1.77251	0.818452	0.0006	5
2.184	0.998831	1.00066	-1.76989	0.818438	0.0006	5
2.185	0.99883	1.00066	-1.76728	0.818425	0.0006	5
2.186	0.998829	1.00066	-1.76466	0.818412	0.0006	5
2.187	0.998829	1.00066	-1.76205	0.818399	0.0006	5
2.188	0.998828	1.00066	-1.75943	0.818385	0.0006	5
2.189	0.998828	1.00066	-1.75682	0.818372	0.0006	5
2.19	0.998827	1.00066	-1.7542	0.818359	0.0006	5
2.191	0.998827	1.00066	-1.75159	0.818345	0.0006	5
2.192	0.998826	1.00066	-1.74897	0.818332	0.0006	5
2.193	0.998826	1.00066	-1.74636	0.818319	0.0006	5
2.194	0.998825	1.00066	-1.74374	0.818306	0.0006	5
2.195	0.998825	1.00066	-1.74113	0.818292	0.0006	5
2.196	0.998824	1.00066	-1.73851	0.818279	0.0006	5
2.197	0.998824	1.00066	-1.7359	0.818266	0.0006	5
2.198	0.998823	1.00066	-1.73328	0.818253	0.0006	5
2.199	0.998823	1.00066	-1.73067	0.818239	0.0006	5
2.2	0.998822	1.00066	-1.72805	0.818226	0.0006	5
2.201	0.998821	1.00066	-1.72544	0.818213	0.0006	5
2.202	0.998821	1.00066	-1.72283	0.8182	0.0006	5
2.203	0.99882	1.00066	-1.72021	0.818186	0.0006	5
2.204	0.99882	1.00066	-1.7176	0.818173	0.0006	5
2.205	0.998819	1.00066	-1.71498	0.81816	0.0006	5
2.206	0.998819	1.00066	-1.71237	0.818147	0.0006	5
2.207	0.998818	1.00066	-1.70975	0.818133	0.0006	5
2.208	0.998818	1.00066	-1.70714	0.81812	0.0006	5
2.209	0.998817	1.00066	-1.70452	0.818107	0.0006	5
2.21	0.998817	1.00067	-1.70191	0.818093	0.0006	5
2.211	0.998816	1.00067	-1.69929	0.81808	0.0006	5
2.212	0.998816	1.00067	-1.69668	0.818067	0.0006	5
2.213	0.998815	1.00067	-1.69407	0.818054	0.0006	5
2.214	0.998814	1.00067	-1.69145	0.81804	0.0006	5
2.215	0.998814	1.00067	-1.68884	0.818027	0.0006	5
2.216	0.998813	1.00067	-1.68622	0.818014	0.0006	5
2.217	0.998813	1.00067	-1.68361	0.818001	0.0006	5
2.218	0.998812	1.00067	-1.68099	0.817987	0.0006	5
2.219	0.998812	1.00067	-1.67838	0.817974	0.0006	5
2.22	0.998811	1.00067	-1.67577	0.817961	0.0006	5
2.221	0.998811	1.00067	-1.67315	0.817947	0.0006	5
2.222	0.99881	1.00067	-1.67054	0.817934	0.0006	5
2.223	0.99881	1.00067	-1.66792	0.817921	0.0006	5
2.224	0.998809	1.00067	-1.66531	0.817908	0.0006	5
2.225	0.998809	1.00067	-1.6627	0.817894	0.0006	5
2.226	0.998808	1.00067	-1.66008	0.817881	0.0006	5
2.227	0.998808	1.00067	-1.65747	0.817868	0.0006	5
2.228	0.998807	1.00067	-1.65485	0.817855	0.0006	5
2.229	0.998806	1.00067	-1.65224	0.817841	0.0006	5
2.23	0.998806	1.00067	-1.64963	0.817828	0.0006	5
2.231	0.998805	1.00067	-1.64701	0.817815	0.0006	5
2.232	0.998805	1.00067	-1.6444	0.817801	0.0006	5
2.233	0.998804	1.00067	-1.64178	0.817788	0.0006	5
2.234	0.998804	1.00067	-1.63917	0.817775	0.0006	5
2.235	0.998803	1.00067	-1.63656	0.817762	0.0006	5
2.236	0.998803	1.00067	-1.63394	0.817748	0.0006	5
2.237	0.998802	1.00067	-1.63133	0.817735	0.0006	5
2.238	0.998802	1.00067	-1.62872	0.817722	0.0006	5
2.239	0.998801	1.00067	-1.6261	0.817709	0.0006	5
2.24	0.998801	1.00067	-1.62349	0.817695	0.0006	5
2.241	0.9988	1.00067	-1.62087	0.817682	0.0006	5
2.242	0.998799	1.00067	-1.61826	0.817669	0.0006	5
2.243	0.998799	1.00067	-1.61565	0.817655	0.0006	5
2.244	0.998798	1.00068	-1.61303	0.817642	0.0006	5
2.245	0.998798	1.00068	-1.61042	0.817629	0.0006	5
2.246	0.998797	1.00068	-1.60781	0.817616	0.0006	5
2.247	0.998797	1.00068	-1.60519	0.817602	0.0006	5
2.248	0.998796	1.00068	-1.60258	0.817589	0.0006	5
2.249	0.998796	1.00068	-1.59997	0.817576	0.0006	5
2.25	0.998795	1.00068	-1.59735	0.817562	0.0006	5
2.251	0.998795	1.00068	-1.59474	0.817549	0.0006	5
2.252	0.998794	1.00068	-1.59212	0.817536	0.0006	5
2.253	0.998794	1.00068	-1.58951	0.817523	0.0006	5
2.254	0.998793	1.00068	-1.5869	0.817509	0.0006	5
2.255	0.998793	1.00068	-1.58428	0.817496	0.0006	5
2.256	0.998792	1.00068	-1.58167	0.817483	0.0006	5
2.257	0.998791	1.00068	-1.57906	0.817469	0.0006	5
2.258	0.998791	1.00068	-1.57644	0.817456	0.0006	5
2.259	0.99879	1.00068	-1.57383	0.817443	0.0006	5
2.26	0.99879	1.00068	-1.57122	0.81743	0.0006	5
2.261	0.998789	1.00068	-1.56861	0.817416	0.0006	5
2.262	0.998789	1.00068	-1.56599	0.817403	0.0006	5
2.263	0.998788	1.00068	-1.56338	0.81739	0.0006	5
2.264	0.998788	1.00068	-1.56077	0.817376	0.0006	5
2.265	0.998787	1.00068	-1.55815	0.817363	0.0006	5
2.266	0.998787	1.00068	-1.55554	0.81735	0.0006	5
2.267	0.998786	1.00068	-1.55293	0.817337	0.0006	5
2.268	0.998786	1.00068	-1.55031	0.817323	0.0006	5
2.269	0.998785	1.00068	-1.5477	0.81731	0.0006	5
2.27	0.998784	1.00068	-1.54509	0.817297	0.0006	5
2.271	0.998784	1.00068	-1.54247	0.817283	0.0006	5
2.272	0.998783	1.00068	-1.53986	0.81727	0.0006	5
2.273	0.998783	1.00068	-1.53725	0.817257	0.0006	5
2.274	0.998782	1.00068	-1.53464	0.817244	0.0006	5
2.275	0.998782	1.00068	-1.53202	0.81723	0.0006	5
2.276	0.998781	1.00068	-1.52941	0.817217	0.0006	5
2.277	0.998781	1.00069	-1.5268	0.817204	0.0006	5
2.278	0.99878	1.00069	-1.52418	0.81719	0.0006	5
2.279	0.99878	1.00069	-1.52157	0.817177	0.0006	5
2.28	0.998779	1.00069	-1.51896	0.817164	0.0006	5
2.281	0.998779	1.00069	-1.51635	0.817151	0.0006	5
2.282	0.998778	1.00069	-1.51373	0.817137	0.0006	5
2.283	0.998778	1.00069	-1.51112	0.817124	0.0006	5
2.284	0.998777	1.00069	-1.50851	0.817111	0.0006	5
2.285	0.998776	1.00069	-1.5059	0.817097	0.0006	5
2.286	0.998776	1.00069	-1.50328	0.817084	0.0006	5
2.287	0.998775	1.00069	-1.50067	0.817071	0.0006	5
2.288	0.998775	1.00069	-1.49806	0.817057	0.0006	5
2.289	0.998774	1.00069	-1.49545	0.817044	0.0006	5
2.29	0.998774	1.00069	-1.49283	0.817031	0.0006	5
2.291	0.998773	1.00069	-1.49022	0.817018	0.0006	5
2.292	0.998773	1.00069	-1.48761	0.817004	0.0006	5
2.293	0.998772	1.00069	-1.485	0.816991	0.0006	5
2.294	0.998772	1.00069	-1.48238	0.816978	0.0006	5
2.295	0.998771	1.00069	-1.47977	0.816964	0.0006	5
2.296	0.998771	1.00069	-1.47716	0.816951	0.0006	5
2.297	0.99877	1.00069	-1.47455	0.816938	0.0006	5
2.298	0.998769	1.00069	-1.47193	0.816924	0.0006	5
2.299	0.998769	1.00069	-1.46932	0.816911	0.0006	5
2.3	0.998768	1.00069	-1.46671	0.816898	0.0006	5
2.301	0.998768	1.00069	-1.4641	0.816885	0.0006	5
2.302	0.998767	1.00069	-1.46148	0.816871	0.0006	5
2.303	0.998767	1.00069	-1.45887	0.816858	0.0006	5
2.304	0.998766	1.00069	-1.45626	0.816845	0.0006	5
2.305	0.998766	1.00069	-1.45365	0.816831	0.0006	5
2.306	0.998765	1.00069	-1.45104	0.816818	0.0006	5
2.307	0.998765	1.00069	-1.44842	0.816805	0.0006	5
2.308	0.998764	1.00069	-1.44581	0.816791	0.0006	5
2.309	0.998764	1.00069	-1.4432	0.816778	0.0006	5
2.31	0.998763	1.00069	-1.44059	0.816765	0.0006	5
2.311	0.998763	1.0007	-1.43798	0.816752	0.0006	5
2.312	0.998762	1.0007	-1.43536	0.816738	0.0006	5
2.313	0.998761	1.0007	-1.43275	0.816725	0.0006	5
2.314	0.998761	1.0007	-1.43014	0.816712	0.0006	5
2.315	0.99876	1.0007	-1.42753	0.816698	0.0006	5
2.316	0.99876	1.0007	-1.42492	0.816685	0.0006	5
2.317	0.998759	1.0007	-1.4223	0.816672	0.0006	5
2.318	0.998759	1.0007	-1.41969	0.816658	0.0006	5
2.319	0.998758	1.0007	-1.41708	0.816645	0.0006	5
2.32	0.998758	1.0007	-1.41447	0.816632	0.0006	5
2.321	0.998757	1.0007	-1.41186	0.816619	0.0006	5
2.322	0.998757	1.0007	-1.40925	0.816605	0.0006	5
2.323	0.998756	1.0007	-1.40663	0.816592	0.0006	5
2.324	0.998756	1.0007	-1.40402	0.816579	0.0006	5
2.325	0.998755	1.0007	-1.40141	0.816565	0.0006	5
2.326	0.998755	1.0007	-1.3988	0.816552	0.0006	5
2.327	0.998754	1.0007	-1.39619	0.816539	0.0006	5
2.328	0.998753	1.0007	-1.39358	0.816525	0.0006	5
2.329	0.998753	1.0007	-1.39096	0.816512	0.0006	5
2.33	0.998752	1.0007	-1.38835	0.816499	0.0006	5
2.331	0.998752	1.0007	-1.38574	0.816485	0.0006	5
2.332	0.998751	1.0007	-1.38313	0.816472	0.0006	5
2.333	0.998751	1.0007	-1.38052	0.816459	0.0006	5
2.334	0.99875	1.0007	-1.37791	0.816446	0.0006	5
2.335	0.99875	1.0007	-1.3753	0.816432	0.0006	5
2.336	0.998749	1.0007	-1.37268	0.816419	0.0006	5
2.337	0.998749	1.0007	-1.37007	0.816406	0.0006	5
2.338	0.998748	1.0007	-1.36746	0.816392	0.0006	5
2.339	0.998748	1.0007	-1.36485	0.816379	0.0006	5
2.34	0.998747	1.0007	-1.36224	0.816366	0.0006	5
2.341	0.998746	1.0007	-1.35963	0.816352	0.0006	5
2.342	0.998746	1.0007	-1.35702	0.816339	0.0006	5
2.343	0.998745	1.0007	-1.3544	0.816326	0.0006	5
2.344	0.998745	1.00071	-1.35179	0.816312	0.0006	5
2.345	0.998744	1.00071	-1.34918	0.816299	0.0006	5
2.346	0.998744	1.00071	-1.34657	0.816286	0.0006	5
2.347	0.998743	1.00071	-1.34396	0.816272	0.0006	5
2.348	0.998743	1.00071	-1.34135	0.816259	0.0006	5
2.349	0.998742	1.00071	-1.33874	0.816246	0.0006	5
2.35	0.998742	1.00071	-1.33613	0.816233	0.0006	5
2.351	0.998741	1.00071	-1.33352	0.816219	0.0006	5
2.352	0.998741	1.00071	-1.3309	0.816206	0.0006	5
2.353	0.99874	1.00071	-1.32829	0.816193	0.0006	5
2.354	0.99874	1.00071	-1.32568	0.816179	0.0006	5
2.355	0.998739	1.00071	-1.32307	0.816166	0.0006	5
2.356	0.998738	1.00071	-1.32046	0.816153	0.0006	5
2.357	0.998738	1.00071	-1.31785	0.816139	0.0006	5
2.358	0.998737	1.00071	-1.31524	0.816126	0.0006	5
2.359	0.998737	1.00071	-1.31263	0.816113	0.0006	5
2.36	0.998736	1.00071	-1.31002	0.816099	0.0006	5
2.361	0.998736	1.00071	-1.30741	0.816086	0.0006	5
2.362	0.998735	1.00071	-1.3048	0.816073	0.0006	5
2.363	0.998735	1.00071	-1.30219	0.816059	0.0006	5
2.364	0.998734	1.00071	-1.29957	0.816046	0.0006	5
2.365	0.998734	1.00071	-1.29696	0.816033	0.0006	5
2.366	0.998733	1.00071	-1.29435	0.816019	0.0006	5
2.367	0.998733	1.00071	-1.29174	0.816006	0.0006	5
2.368	0.998732	1.00071	-1.28913	0.815993	0.0006	5
2.369	0.998731	1.00071	-1.28652	0.815979	0.0006	5
2.37	0.998731	1.00071	-1.28391	0.815966	0.0006	5
2.371	0.99873	1.00071	-1.2813	0.815953	0.0006	5
2.372	0.99873	1.00071	-1.27869	0.815939	0.0006	5
2.373	0.998729	1.00071	-1.27608	0.815926	0.0006	5
2.374	0.998729	1.00071	-1.27347	0.815913	0.0006	5
2.375	0.998728	1.00071	-1.27086	0.815899	0.0006	5
2.376	0.998728	1.00071	-1.26825	0.815886	0.0006	5
2.377	0.998727	1.00071	-1.26564	0.815873	0.0006	5
2.378	0.998727	1.00072	-1.26303	0.81586	0.0006	5
2.379	0.998726	1.00072	-1.26042	0.815846	0.0006	5
2.38	0.998726	1.00072	-1.25781	0.815833	0.0006	5
2.381	0.998725	1.00072	-1.2552	0.81582	0.0006	5
2.382	0.998725	1.00072	-1.25259	0.815806	0.0006	5
2.383	0.998724	1.00072	-1.24998	0.815793	0.0006	5
2.384	0.998723	1.00072	-1.24737	0.81578	0.0006	5
2.385	0.998723	1.00072	-1.24476	0.815766	0.0006	5
2.386	0.998722	1.00072	-1.24215	0.815753	0.0006	5
2.387	0.998722	1.00072	-1.23953	0.81574	0.0006	5
2.388	0.998721	1.00072	-1.23692	0.815726	0.0006	5
2.389	0.998721	1.00072	-1.23431	0.815713	0.0006	5
2.39	0.99872	1.00072	-1.2317	0.8157	0.0006	5
2.391	0.99872	1.00072	-1.22909	0.815686	0.0006	5
2.392	0.998719	1.00072	-1.22648	0.815673	0.0006	5
2.393	0.998719	1.00072	-1.22387	0.81566	0.0006	5
2.394	0.998718	1.00072	-1.22126	0.815646	0.0006	5
2.395	0.998718	1.00072	-1.21865	0.815633	0.0006	5
2.396	0.998717	1.00072	-1.21604	0.81562	0.0006	5
2.397	0.998716	1.00072	-1.21343	0.815606	0.0006	5
2.398	0.998716	1.00072	-1.21082	0.815593	0.0006	5
2.399	0.998715	1.00072	-1.20821	0.81558	0.0006	5
2.4	0.998715	1.00072	-1.2056	0.815566	0.0006	5
2.401	0.998714	1.00072	-1.203	0.815553	0.0006	5
2.402	0.998714	1.00072	-1.20039	0.81554	0.0006	5
2.403	0.998713	1.00072	-1.19778	0.815526	0.0006	5
2.404	0.998713	1.00072	-1.19517	0.815513	0.0006	5
2.405	0.998712	1.00072	-1.19256	0.8155	0.0006	5
2.406	0.998712	1.00072	-1.18995	0.815486	0.0006	5
2.407	0.998711	1.00072	-1.18734	0.815473	0.0006	5
2.408	0.998711	1.00072	-1.18473	0.81546	0.0006	5
2.409	0.99871	1.00072	-1.18212	0.815446	0.0006	5
2.41	0.99871	1.00072	-1.17951	0.815433	0.0006	5
2.411	0.998709	1.00073	-1.1769	0.81542	0.0006	5
2.412	0.998708	1.00073	-1.17429	0.815406	0.0006	5
2.413	0.998708	1.00073	-1.17168	0.815393	0.0006	5
2.414	0.998707	1.00073	-1.16907	0.81538	0.0006	5
2.415	0.998707	1.00073	-1.16646	0.815366	0.0006	5
2.416	0.998706	1.00073	-1.16385	0.815353	0.0006	5
2.417	0.998706	1.00073	-1.16124	0.81534	0.0006	5
2.418	0.998705	1.00073	-1.15863	0.815326	0.0006	5
2.419	0.998705	1.00073	-1.15602	0.815313	0.0006	5
2.42	0.998704	1.00073	-1.15341	0.8153	0.0006	5
2.421	0.998704	1.00073	-1.1508	0.815286	0.0006	5
2.422	0.998703	1.00073	-1.14819	0.815273	0.0006	5
2.423	0.998703	1.00073	-1.14559	0.81526	0.0006	5
2.424	0.998702	1.00073	-1.14298	0.815246	0.0006	5
2.425	0.998701	1.00073	-1.14037	0.815233	0.0006	5
2.426	0.998701	1.00073	-1.13776	0.815219	0.0006	5
2.427	0.9987	1.00073	-1.13515	0.815206	0.0006	5
2.428	0.9987	1.00073	-1.13254	0.815193	0.0006	5
2.429	0.998699	1.00073	-1.12993	0.815179	0.0006	5
2.43	0.998699	1.00073	-1.12732	0.815166	0.0006	5
2.431	0.998698	1.00073	-1.12471	0.815153	0.0006	5
2.432	0.998698	1.00073	-1.1221	0.815139	0.0006	5
2.433	0.998697	1.00073	-1.11949	0.815126	0.0006	5
2.434	0.998697	1.00073	-1.11688	0.815113	0.0006	5
2.435	0.998696	1.00073	-1.11428	0.815099	0.0006	5
2.436	0.998696	1.00073	-1.11167	0.815086	0.0006	5
2.437	0.998695	1.00073	-1.10906	0.815073	0.0006	5
2.438	0.998695	1.00073	-1.10645	0.815059	0.0006	5
2.439	0.998694	1.00073	-1.10384	0.815046	0.0006	5
2.44	0.998693	1.00073	-1.10123	0.815033	0.0006	5
2.441	0.998693	1.00073	-1.09862	0.815019	0.0006	5
2.442	0.998692	1.00073	-1.09601	0.815006	0.0006	5
2.443	0.998692	1.00073	-1.0934	0.814993	0.0006	5
2.444	0.998691	1.00074	-1.0908	0.814979	0.0006	5
2.445	0.998691	1.00074	-1.08819	0.814966	0.0006	5
2.446	0.99869	1.00074	-1.08558	0.814953	0.0006	5
2.447	0.99869	1.00074	-1.08297	0.814939	0.0006	5
2.448	0.998689	1.00074	-1.08036	0.814926	0.0006	5
2.449	0.998689	1.00074	-1.07775	0.814913	0.0006	5
2.45	0.998688	1.00074	-1.07514	0.814899	0.0006	5
2.451	0.998688	1.00074	-1.07253	0.814886	0.0006	5
2.452	0.998687	1.00074	-1.06993	0.814872	0.0006	5
2.453	0.998687	1.00074	-1.06732	0.814859	0.0006	5
2.454	0.998686	1.00074	-1.06471	0.814846	0.0006	5
2.455	0.998685	1.00074	-1.0621	0.814832	0.0006	5
2.456	0.998685	1.00074	-1.05949	0.814819	0.0006	5
2.457	0.998684	1.00074	-1.05688	0.814806	0.0006	5
2.458	0.998684	1.00074	-1.05427	0.814792	0.0006	5
2.459	0.998683	1.00074	-1.05167	0.814779	0.0006	5
2.46	0.998683	1.00074	-1.04906	0.814766	0.0006	5
2.461	0.998682	1.00074	-1.04645	0.814752	0.0006	5
2.462	0.998682	1.00074	-1.04384	0.814739	0.0006	5
2.463	0.998681	1.00074	-1.04123	0.814726	0.0006	5
2.464	0.998681	1.00074	-1.03862	0.814712	0.0006	5
2.465	0.99868	1.00074	-1.03602	0.814699	0.0006	5
2.466	0.99868	1.00074	-1.03341	0.814686	0.0006	5
2.467	0.998679	1.00074	-1.0308	0.814672	0.0006	5
2.468	0.998678	1.00074	-1.02819	0.814659	0.0006	5
2.469	0.998678	1.00074	-1.02558	0.814645	0.0006	5
2.47	0.998677	1.00074	-1.02298	0.814632	0.0006	5
2.471	0.998677	1.00074	-1.02037	0.814619	0.0006	5
2.472	0.998676	1.00074	-1.01776	0.814605	0.0006	5
2.473	0.998676	1.00074	-1.01515	0.814592	0.0006	5
2.474	0.998675	1.00074	-1.01254	0.814579	0.0006	5
2.475	0.998675	1.00074	-1.00993	0.814565	0.0006	5
2.476	0.998674	1.00074	-1.00733	0.814552	0.0006	5
2.477	0.998674	1.00074	-1.00472	0.814539	0.0006	5
2.478	0.998673	1.00075	-1.00211	0.814525	0.0006	5
2.479	0.998673	1.00075	-0.999503	0.814512	0.0006	5
2.48	0.998672	1.00075	-0.996895	0.814499	0.0006	5
2.481	0.998672	1.00075	-0.994287	0.814485	0.0006	5
2.482	0.998671	1.00075	-0.991679	0.814472	0.0006	5
2.483	0.99867	1.00075	-0.989072	0.814458	0.0006	5
2.484	0.99867	1.00075	-0.986464	0.814445	0.0006	5
2.485	0.998669	1.00075	-0.983856	0.814432	0.0006	5
2.486	0.998669	1.00075	-0.981248	0.814418	0.0006	5
2.487	0.998668	1.00075	-0.97864	0.814405	0.0006	5
2.488	0.998668	1.00075	-0.976033	0.814392	0.0006	5
2.489	0.998667	1.00075	-0.973425	0.814378	0.0006	5
2.49	0.998667	1.00075	-0.970817	0.814365	0.0006	5
2.491	0.998666	1.00075	-0.96821	0.814352	0.0006	5
2.492	0.998666	1.00075	-0.965602	0.814338	0.0006	5
2.493	0.998665	1.00075	-0.962994	0.814325	0.0006	5
2.494	0.998665	1.00075	-0.960387	0.814311	0.0006	5
2.495	0.998664	1.00075	-0.957779	0.814298	0.0006	5
2.496	0.998663	1.00075	-0.955172	0.814285	0.0006	5
2.497	0.998663	1.00075	-0.952564	0.814271	0.0006	5
2.498	0.998662	1.00075	-0.949957	0.814258	0.0006	5
2.499	0.998662	1.00075	-0.947349	0.814245	0.0006	5
2.5	0.998661	1.00075	-0.944742	0.814231	0.0006	5
2.501	0.998661	1.00075	-0.945228	0.814162	0.0001	5
2.502	0.99866	1.00075	-0.946333	0.814082	0.0001	5
2.503	0.99866	1.00075	-0.947438	0.814002	0.0001	5
2.504	0.998659	1.00075	-0.948542	0.813922	0.0001	5
2.505	0.998659	1.00075	-0.949645	0.813842	0.0001	5
2.506	0.998658	1.00075	-0.950748	0.813761	0.0001	5
2.507	0.998658	1.00075	-0.95185	0.813681	0.0001	5
2.508	0.998657	1.00075	-0.952952	0.813601	0.0001	5
2.509	0.998657	1.00075	-0.954053	0.813521	0.0001	5
2.51	0.998656	1.00075	-0.955154	0.813441	0.0001	5
2.511	0.998655	1.00076	-0.956254	0.813361	0.0001	5
2.512	0.998655	1.00076	-0.957354	0.813281	0.0001	5
2.513	0.998654	1.00076	-0.958453	0.813201	0.0001	5
2.514	0.998654	1.00076	-0.959552	0.81312	0.0001	5
2.515	0.998653	1.00076	-0.96065	0.81304	0.0001	5
2.516	0.998653	1.00076	-0.961748	0.81296	0.0001	5
2.517	0.998652	1.00076	-0.962845	0.81288	0.0001	5
2.518	0.998652	1.00076	-0.963942	0.8128	0.0001	5
2.519	0.998651	1.00076	-0.965038	0.81272	0.0001	5
2.52	0.998651	1.00076	-0.966134	0.81264	0.0001	5
2.521	0.99865	1.00076	-0.967229	0.81256	0.0001	5
2.522	0.99865	1.00076	-0.968323	0.81248	0.0001	5
2.523	0.998649	1.00076	-0.969417	0.8124	0.0001	5
2.524	0.998648	1.00076	-0.970511	0.81232	0.0001	5
2.525	0.998648	1.00076	-0.971604	0.81224	0.0001	5
2.526	0.998647	1.00076	-0.972696	0.81216	0.0001	5
2.527	0.998647	1.00076	-0.973788	0.81208	0.0001	5
2.528	0.998646	1.00076	-0.97488	0.812	0.0001	5
2.529	0.998646	1.00076	-0.975971	0.81192	0.0001	5
2.53	0.998645	1.00076	-0.977061	0.81184	0.0001	5
2.531	0.998645	1.00076	-0.978151	0.811761	0.0001	5
2.532	0.998644	1.00076	-0.97924	0.811681	0.0001	5
2.533	0.998644	1.00076	-0.980329	0.811601	0.0001	5
2.534	0.998643	1.00076	-0.981418	0.811521	0.0001	5
2.535	0.998643	1.00076	-0.982506	0.811441	0.0001	5
2.536	0.998642	1.00076	-0.983593	0.811361	0.0001	5
2.537	0.998642	1.00076	-0.98468	0.811281	0.0001	5
2.538	0.998641	1.00076	-0.985766	0.811201	0.0001	5
2.539	0.99864	1.00076	-0.986852	0.811122	0.0001	5
2.54	0.99864	1.00076	-0.987937	0.811042	0.0001	5
2.541	0.998639	1.00076	-0.989022	0.810962	0.0001	5
2.542	0.998639	1.00076	-0.990106	0.810882	0.0001	5
2.543	0.998638	1.00076	-0.99119	0.810802	0.0001	5
2.544	0.998638	1.00077	-0.992273	0.810722	0.0001	5
2.545	0.998637	1.00077	-0.993356	0.810643	0.0001	5
2.546	0.998637	1.00077	-0.994438	0.810563	0.0001	5
2.547	0.998636	1.00077	-0.99552	0.810483	0.0001	5
2.548	0.998636	1.00077	-0.996601	0.810403	0.0001	5
2.549	0.998635	1.00077	-0.997681	0.810324	0.0001	5
2.55	0.998635	1.00077	-0.998761	0.810244	0.0001	5
2.551	0.998634	1.00077	-0.999841	0.810164	0.0001	5
2.552	0.998633	1.00077	-1.00092	0.810084	0.0001	5
2.553	0.998633	1.00077	-1.002	0.810005	0.0001	5
2.554	0.998632	1.00077	-1.00308	0.809925	0.0001	5
2.555	0.998632	1.00077	-1.00415	0.809845	0.0001	5
2.556	0.998631	1.00077	-1.00523	0.809766	0.0001	5
2.557	0.998631	1.00077	-1.00631	0.809686	0.0001	5
2.558	0.99863	1.00077	-1.00738	0.809606	0.0001	5
2.559	0.99863	1.00077	-1.00846	0.809527	0.0001	5
2.56	0.998629	1.00077	-1.00953	0.809447	0.0001	5
2.561	0.998629	1.00077	-1.01061	0.809367	0.0001	5
2.562	0.998628	1.00077	-1.01168	0.809288	0.0001	5
2.563	0.998628	1.00077	-1.01276	0.809208	0.0001	5
2.564	0.998627	1.00077	-1.01383	0.809128	0.0001	5
2.565	0.998627	1.00077	-1.0149	0.809049	0.0001	5
2.566	0.998626	1.00077	-1.01597	0.808969	0.0001	5
2.567	0.998625	1.00077	-1.01704	0.80889	0.0001	5
2.568	0.998625	1.00077	-1.01812	0.80881	0.0001	5
2.569	0.998624	1.00077	-1.01919	0.80873	0.0001	5
2.57	0.998624	1.00077	-1.02026	0.808651	0.0001	5
2.571	0.998623	1.00077	-1.02133	0.808571	0.0001	5
2.572	0.998623	1.00077	-1.02239	0.808492	0.0001	5
2.573	0.998622	1.00077	-1.02346	0.808412	0.0001	5
2.574	0.998622	1.00077	-1.02453	0.808333	0.0001	5
2.575	0.998621	1.00077	-1.0256	0.808253	0.0001	5
2.576	0.998621	1.00077	-1.02666	0.808174	0.0001	5
2.577	0.99862	1.00078	-1.02773	0.808094	0.0001	5
2.578	0.99862	1.00078	-1.0288	0.808015	0.0001	5
2.579	0.998619	1.00078	-1.02986	0.807935	0.0001	5
2.58	0.998619	1.00078	-1.03093	0.807856	0.0001	5
2.581	0.998618	1.00078	-1.03199	0.807776	0.0001	5
2.582	0.998617	1.00078	-1.03305	0.807697	0.0001	5
2.583	0.998617	1.00078	-1.03412	0.807617	0.0001	5
2.584	0.998616	1.00078	-1.03518	0.807538	0.0001	5
2.585	0.998616	1.00078	-1.03624	0.807459	0.0001	5
2.586	0.998615	1.00078	-1.0373	0.807379	0.0001	5
2.587	0.998615	1.00078	-1.03837	0.8073	0.0001	5
2.588	0.998614	1.00078	-1.03943	0.80722	0.0001	5
2.589	0.998614	1.00078	-1.04049	0.807141	0.0001	5
2.59	0.998613	1.00078	-1.04155	0.807062	0.0001	5
2.591	0.998613	1.00078	-1.0426	0.806982	0.0001	5
2.592	0.998612	1.00078	-1.04366	0.806903	0.0001	5
2.593	0.998612	1.00078	-1.04472	0.806824	0.0001	5
2.594	0.998611	1.00078	-1.04578	0.806744	0.0001	5
2.595	0.99861	1.00078	-1.04684	0.806665	0.0001	5
2.596	0.99861	1.00078	-1.04789	0.806586	0.0001	5
2.597	0.998609	1.00078	-1.04895	0.806506	0.0001	5
2.598	0.998609	1.00078	-1.05	0.806427	0.0001	5
2.599	0.998608	1.00078	-1.05106	0.806348	0.0001	5
2.6	0.998608	1.00078	-1.05211	0.806268	0.0001	5
2.601	0.998607	1.00078	-1.05317	0.806189	0.0001	5
2.602	0.998607	1.00078	-1.05422	0.80611	0.0001	5
2.603	0.998606	1.00078	-1.05527	0.806031	0.0001	5
2.604	0.998606	1.00078	-1.05633	0.805951	0.0001	5
2.605	0.998605	1.00078	-1.05738	0.805872	0.0001	5
2.606	0.998605	1.00078	-1.05843	0.805793	0.0001	5
2.607	0.998604	1.00078	-1.05948	0.805714	0.0001	5
2.608	0.998604	1.00078	-1.06053	0.805634	0.0001	5
2.609	0.998603	1.00078	-1.06158	0.805555	0.0001	5
2.61	0.998602	1.00078	-1.06263	0.805476	0.0001	5
2.611	0.998602	1.00079	-1.06368	0.805397	0.0001	5
2.612	0.998601	1.00079	-1.06473	0.805318	0.0001	5
2.613	0.998601	1.00079	-1.06578	0.805238	0.0001	5
2.614	0.9986	1.00079	-1.06682	0.805159	0.0001	5
2.615	0.9986	1.00079	-1.06787	0.80508	0.0001	5
2.616	0.998599	1.00079	-1.06892	0.805001	0.0001	5
2.617	0.998599	1.00079	-1.06996	0.804922	0.0001	5
2.618	0.998598	1.00079	-1.07101	0.804843	0.0001	5
2.619	0.998598	1.00079	-1.07205	0.804764	0.0001	5
2.62	0.998597	1.00079	-1.0731	0.804685	0.0001	5
2.621	0.998597	1.00079	-1.07414	0.804605	0.0001	5
2.622	0.998596	1.00079	-1.07518	0.804526	0.0001	5
2.623	0.998595	1.00079	-1.07623	0.804447	0.0001	5
2.624	0.998595	1.00079	-1.07727	0.804368	0.0001	5
2.625	0.998594	1.00079	-1.07831	0.804289	0.0001	5
2.626	0.998594	1.00079	-1.07935	0.80421	0.0001	5
2.627	0.998593	1.00079	-1.08039	0.804131	0.0001	5
2.628	0.998593	1.00079	-1.08143	0.804052	0.0001	5
2.629	0.998592	1.00079	-1.08247	0.803973	0.0001	5
2.63	0.998592	1.00079	-1.08351	0.803894	0.0001	5
2.631	0.998591	1.00079	-1.08455	0.803815	0.0001	5
2.632	0.998591	1.00079	-1.08559	0.803736	0.0001	5
2.633	0.99859	1.00079	-1.08663	0.803657	0.0001	5
2.634	0.99859	1.00079	-1.08767	0.803578	0.0001	5
2.635	0.998589	1.00079	-1.0887	0.803499	0.0001	5
2.636	0.998589	1.00079	-1.08974	0.80342	0.0001	5
2.637	0.998588	1.00079	-1.09077	0.803341	0.0001	5
2.638	0.998587	1.00079	-1.09181	0.803262	0.0001	5
2.639	0.998587	1.00079	-1.09284	0.803183	0.0001	5
2.64	0.998586	1.00079	-1.09388	0.803104	0.0001	5
2.641	0.998586	1.00079	-1.09491	0.803025	0.0001	5
2.642	0.998585	1.00079	-1.09594	0.802947	0.0001	5
2.643	0.998585	1.00079	-1.09698	0.802868	0.0001	5
2.644	0.998584	1.0008	-1.09801	0.802789	0.0001	5
2.645	0.998584	1.0008	-1.09904	0.80271	0.0001	5
2.646	0.998583	1.0008	-1.10007	0.802631	0.0001	5
2.647	0.998583	1.0008	-1.1011	0.802552	0.0001	5
2.648	0.998582	1.0008	-1.10213	0.802473	0.0001	5
2.649	0.998582	1.0008	-1.10316	0.802395	0.0001	5
2.65	0.998581	1.0008	-1.10419	0.802316	0.0001	5
2.651	0.99858	1.0008	-1.10522	0.802237	0.0001	5
2.652	0.99858	1.0008	-1.10625	0.802158	0.0001	5
2.653	0.998579	1.0008	-1.10728	0.802079	0.0001	5
2.654	0.998579	1.0008	-1.1083	0.802	0.0001	5
2.655	0.998578	1.0008	-1.10933	0.801922	0.0001	5
2.656	0.998578	1.0008	-1.11036	0.801843	0.0001	5
2.657	0.998577	1.0008	-1.11138	0.801764	0.0001	5
2.658	0.998577	1.0008	-1.11241	0.801685	0.0001	5
2.659	0.998576	1.0008	-1.11343	0.801607	0.0001	5
2.66	0.998576	1.0008	-1.11446	0.801528	0.0001	5
2.661	0.998575	1.0008	-1.11548	0.801449	0.0001	5
2.662	0.998575	1.0008	-1.1165	0.80137	0.0001	5
2.663	0.998574	1.0008	-1.11753	0.801292	0.0001	5
2.664	0.998574	1.0008	-1.11855	0.801213	0.0001	5
2.665	0.998573	1.0008	-1.11957	0.801134	0.0001	5
2.666	0.998572	1.0008	-1.12059	0.801056	0.0001	5
2.667	0.998572	1.0008	-1.12161	0.800977	0.0001	5
2.668	0.998571	1.0008	-1.12263	0.800898	0.0001	5
2.669	0.998571	1.0008	-1.12365	0.80082	0.0001	5
2.67	0.99857	1.0008	-1.12467	0.800741	0.0001	5
2.671	0.99857	1.0008	-1.12569	0.800662	0.0001	5
2.672	0.998569	1.0008	-1.12671	0.800584	0.0001	5
2.673	0.998569	1.0008	-1.12772	0.800505	0.0001	5
2.674	0.998568	1.0008	-1.12874	0.800426	0.0001	5
2.675	0.998568	1.0008	-1.12976	0.800348	0.0001	5
2.676	0.998567	1.0008	-1.13077	0.800269	0.0001	5
2.677	0.998567	1.00081	-1.13179	0.800191	0.0001	5
2.678	0.998566	1.00081	-1.13281	0.800112	0.0001	5
2.679	0.998565	1.00081	-1.13382	0.800034	0.0001	5
2.68	0.998565	1.00081	-1.13483	0.799955	0.0001	5
2.681	0.998564	1.00081	-1.13585	0.799876	0.0001	5
2.682	0.998564	1.00081	-1.13686	0.799798	0.0001	5
2.683	0.998563	1.00081	-1.13787	0.799719	0.0001	5
2.684	0.998563	1.00081	-1.13889	0.799641	0.0001	5
2.685	0.998562	1.00081	-1.1399	0.799562	0.0001	5
2.686	0.998562	1.00081	-1.14091	0.799484	0.0001	5
2.687	0.998561	1.00081	-1.14192	0.799405	0.0001	5
2.688	0.998561	1.00081	-1.14293	0.799327	0.0001	5
2.689	0.99856	1.00081	-1.14394	0.799248	0.0001	5
2.69	0.99856	1.00081	-1.14495	0.79917	0.0001	5
2.691	0.998559	1.00081	-1.14596	0.799091	0.0001	5
2.692	0.998559	1.00081	-1.14696	0.799013	0.0001	5
2.693	0.998558	1.00081	-1.14797	0.798934	0.0001	5
2.694	0.998557	1.00081	-1.14898	0.798856	0.0001	5
2.695	0.998557	1.00081	-1.14999	0.798778	0.0001	5
2.696	0.998556	1.00081	-1.15099	0.798699	0.0001	5
2.697	0.998556	1.00081	-1.152	0.798621	0.0001	5
2.698	0.998555	1.00081	-1.153	0.798542	0.0001	5
2.699	0.998555	1.00081	-1.15401	0.798464	0.0001	5
2.7	0.998554	1.00081	-1.15501	0.798386	0.0001	5
2.701	0.998554	1.00081	-1.15601	0.798307	0.0001	5
2.702	0.998553	1.00081	-1.15702	0.798229	0.0001	5
2.703	0.998553	1.00081	-1.15802	0.798151	0.0001	5
2.704	0.998552	1.00081	-1.15902	0.798072	0.0001	5
2.705	0.998552	1.00081	-1.16002	0.797994	0.0001	5
2.706	0.998551	1.00081	-1.16102	0.797916	0.0001	5
2.707	0.998551	1.00081	-1.16203	0.797837	0.0001	5
2.708	0.99855	1.00081	-1.16303	0.797759	0.0001	5
2.709	0.998549	1.00081	-1.16403	0.797681	0.0001	5
2.71	0.998549	1.00081	-1.16502	0.797602	0.0001	5
2.711	0.998548	1.00082	-1.16602	0.797524	0.0001	5
2.712	0.998548	1.00082	-1.16702	0.797446	0.0001	5
2.713	0.998547	1.00082	-1.16802	0.797367	0.0001	5
2.714	0.998547	1.00082	-1.16902	0.797289	0.0001	5
2.715	0.998546	1.00082	-1.17001	0.797211	0.0001	5
2.716	0.998546	1.00082	-1.17101	0.797133	0.0001	5
2.717	0.998545	1.00082	-1.172	0.797055	0.0001	5
2.718	0.998545	1.00082	-1.173	0.796976	0.0001	5
2.719	0.998544	1.00082	-1.17399	0.796898	0.0001	5
2.72	0.998544	1.00082	-1.17499	0.79682	0.0001	5
2.721	0.998543	1.00082	-1.17598	0.796742	0.0001	5
2.722	0.998542	1.00082	-1.17697	0.796663	0.0001	5
2.723	0.998542	1.00082	-1.17797	0.796585	0.0001	5
2.724	0.998541	1.00082	-1.17896	0.796507	0.0001	5
2.725	0.998541	1.00082	-1.17995	0.796429	0.0001	5
2.726	0.99854	1.00082	-1.18094	0.796351	0.0001	5
2.727	0.99854	1.00082	-1.18193	0.796273	0.0001	5
2.728	0.998539	1.00082	-1.18292	0.796195	0.0001	5
2.729	0.998539	1.00082	-1.18391	0.796116	0.0001	5
2.73	0.998538	1.00082	-1.1849	0.796038	0.0001	5
2.731	0.998538	1.00082	-1.18589	0.79596	0.0001	5
2.732	0.998537	1.00082	-1.18688	0.795882	0.0001	5
2.733	0.998537	1.00082	-1.18787	0.795804	0.0001	5
2.734	0.998536	1.00082	-1.18885	0.795726	0.0001	5
2.735	0.998536	1.00082	-1.18984	0.795648	0.0001	5
2.736	0.998535	1.00082	-1.19083	0.79557	0.0001	5
2.737	0.998534	1.00082	-1.19181	0.795492	0.0001	5
2.738	0.998534	1.00082	-1.1928	0.795414	0.0001	5
2.739	0.998533	1.00082	-1.19378	0.795336	0.0001	5
2.74	0.998533	1.00082	-1.19477	0.795258	0.0001	5
2.741	0.998532	1.00082	-1.19575	0.79518	0.0001	5
2.742	0.998532	1.00082	-1.19673	0.795102	0.0001	5
2.743	0.998531	1.00082	-1.19772	0.795024	0.0001	5
2.744	0.998531	1.00083	-1.1987	0.794946	0.0001	5
2.745	0.99853	1.00083	-1.19968	0.794868	0.0001	5
2.746	0.99853	1.00083	-1.20066	0.79479	0.0001	5
2.747	0.998529	1.00083	-1.20164	0.794712	0.0001	5
2.748	0.998529	1.00083	-1.20262	0.794634	0.0001	5
2.749	0.998528	1.00083	-1.2036	0.794556	0.0001	5
2.75	0.998527	1.00083	-1.20458	0.794478	0.0001	5
2.751	0.998527	1.00083	-1.20556	0.7944	0.0001	5
2.752	0.998526	1.00083	-1.20654	0.794322	0.0001	5
2.753	0.998526	1.00083	-1.20752	0.794244	0.0001	5
2.754	0.998525	1.00083	-1.20849	0.794166	0.0001	5
2.755	0.998525	1.00083	-1.20947	0.794088	0.0001	5
2.756	0.998524	1.00083	-1.21045	0.794011	0.0001	5
2.757	0.998524	1.00083	-1.21142	0.793933	0.0001	5
2.758	0.998523	1.00083	-1.2124	0.793855	0.0001	5
2.759	0.998523	1.00083	-1.21337	0.793777	0.0001	5
2.76	0.998522	1.00083	-1.21435	0.793699	0.0001	5
2.761	0.998522	1.00083	-1.21532	0.793621	0.0001	5
2.762	0.998521	1.00083	-1.21629	0.793543	0.0001	5
2.763	0.998521	1.00083	-1.21727	0.793466	0.0001	5
2.764	0.99852	1.00083	-1.21824	0.793388	0.0001	5
2.765	0.998519	1.00083	-1.21921	0.79331	0.0001	5
2.766	0.998519	1.00083	-1.22018	0.793232	0.0001	5
2.767	0.998518	1.00083	-1.22115	0.793154	0.0001	5
2.768	0.998518	1.00083	-1.22212	0.793077	0.0001	5
2.769	0.998517	1.00083	-1.22309	0.792999	0.0001	5
2.77	0.998517	1.00083	-1.22406	0.792921	0.0001	5
2.771	0.998516	1.00083	-1.22503	0.792843	0.0001	5
2.772	0.998516	1.00083	-1.226	0.792766	0.0001	5
2.773	0.998515	1.00083	-1.22697	0.792688	0.0001	5
2.774	0.998515	1.00083	-1.22794	0.79261	0.0001	5
2.775	0.998514	1.00083	-1.2289	0.792532	0.0001	5
2.776	0.998514	1.00083	-1.22987	0.792455	0.0001	5
2.777	0.998513	1.00083	-1.23083	0.792377	0.0001	5
2.778	0.998512	1.00084	-1.2318	0.792299	0.0001	5
2.779	0.998512	1.00084	-1.23277	0.792222	0.0001	5
2.78	0.998511	1.00084	-1.23373	0.792144	0.0001	5
2.781	0.998511	1.00084	-1.23469	0.792066	0.0001	5
2.782	0.99851	1.00084	-1.23566	0.791989	0.0001	5
2.783	0.99851	1.00084	-1.23662	0.791911	0.0001	5
2.784	0.998509	1.00084	-1.23758	0.791833	0.0001	5
2.785	0.998509	1.00084	-1.23854	0.791756	0.0001	5
2.786	0.998508	1.00084	-1.23951	0.791678	0.0001	5
2.787	0.998508	1.00084	-1.24047	0.791601	0.0001	5
2.788	0.998507	1.00084	-1.24143	0.791523	0.0001	5
2.789	0.998507	1.00084	-1.24239	0.791445	0.0001	5
2.79	0.998506	1.00084	-1.24335	0.791368	0.0001	5
2.791	0.998506	1.00084	-1.24431	0.79129	0.0001	5
2.792	0.998505	1.00084	-1.24526	0.791213	0.0001	5
2.793	0.998504	1.00084	-1.24622	0.791135	0.0001	5
2.794	0.998504	1.00084	-1.24718	0.791058	0.0001	5
2.795	0.998503	1.00084	-1.24814	0.79098	0.0001	5
2.796	0.998503	1.00084	-1.24909	0.790902	0.0001	5
2.797	0.998502	1.00084	-1.25005	0.790825	0.0001	5
2.798	0.998502	1.00084	-1.25101	0.790747	0.0001	5
2.799	0.998501	1.00084	-1.25196	0.79067	0.0001	5
2.8	0.998501	1.00084	-1.25292	0.790592	0.0001	5
2.801	0.9985	1.00084	-1.25387	0.790515	0.0001	5
2.802	0.9985	1.00084	-1.25482	0.790437	0.0001	5
2.803	0.998499	1.00084	-1.25578	0.79036	0.0001	5
2.804	0.998499	1.00084	-1.25673	0.790283	0.0001	5
2.805	0.998498	1.00084	-1.25768	0.790205	0.0001	5
2.806	0.998497	1.00084	-1.25863	0.790128	0.0001	5
2.807	0.998497	1.00084	-1.25958	0.79005	0.0001	5
2.808	0.998496	1.00084	-1.26054	0.789973	0.0001	5
2.809	0.998496	1.00084	-1.26149	0.789895	0.0001	5
2.81	0.998495	1.00084	-1.26244	0.789818	0.0001	5
2.811	0.998495	1.00085	-1.26338	0.789741	0.0001	5
2.812	0.998494	1.00085	-1.26433	0.789663	0.0001	5
2.813	0.998494	1.00085	-1.26528	0.789586	0.0001	5
2.814	0.998493	1.00085	-1.26623	0.789508	0.0001	5
2.815	0.998493	1.00085	-1.26718	0.789431	0.0001	5
2.816	0.998492	1.00085	-1.26812	0.789354	0.0001	5
2.817	0.998492	1.00085	-1.26907	0.789276	0.0001	5
2.818	0.998491	1.00085	-1.27002	0.789199	0.0001	5
2.819	0.998491	1.00085	-1.27096	0.789122	0.0001	5
2.82	0.99849	1.00085	-1.27191	0.789044	0.0001	5
2.821	0.998489	1.00085	-1.27285	0.788967	0.0001	5
2.822	0.998489	1.00085	-1.27379	0.78889	0.0001	5
2.823	0.998488	1.00085	-1.27474	0.788812	0.0001	5
2.824	0.998488	1.00085	-1.27568	0.788735	0.0001	5
2.825	0.998487	1.00085	-1.27662	0.788658	0.0001	5
2.826	0.998487	1.00085	-1.27757	0.788581	0.0001	5
2.827	0.998486	1.00085	-1.27851	0.788503	0.0001	5
2.828	0.998486	1.00085	-1.27945	0.788426	0.0001	5
2.829	0.998485	1.00085	-1.28039	0.788349	0.0001	5
2.83	0.998485	1.00085	-1.28133	0.788272	0.0001	5
2.831	0.998484	1.00085	-1.28227	0.788194	0.0001	5
2.832	0.998484	1.00085	-1.28321	0.788117	0.0001	5
2.833	0.998483	1.00085	-1.28415	0.78804	0.0001	5
2.834	0.998483	1.00085	-1.28508	0.787963	0.0001	5
2.835	0.998482	1.00085	-1.28602	0.787886	0.0001	5
2.836	0.998481	1.00085	-1.28696	0.787808	0.0001	5
2.837	0.998481	1.00085	-1.2879	0.787731	0.0001	5
2.838	0.99848	1.00085	-1.28883	0.787654	0.0001	5
2.839	0.99848	1.00085	-1.28977	0.787577	0.0001	5
2.84	0.998479	1.00085	-1.2907	0.7875	0.0001	5
2.841	0.998479	1.00085	-1.29164	0.787423	0.0001	5
2.842	0.998478	1.00085	-1.29257	0.787346	0.0001	5
2.843	0.998478	1.00085	-1.2935	0.787268	0.0001	5
2.844	0.998477	1.00086	-1.29444	0.787191	0.0001	5
2.845	0.998477	1.00086	-1.29537	0.787114	0.0001	5
2.846	0.998476	1.00086	-1.2963	0.787037	0.0001	5
2.847	0.998476	1.00086	-1.29723	0.78696	0.0001	5
2.848	0.998475	1.00086	-1.29817	0.786883	0.0001	5
2.849	0.998474	1.00086	-1.2991	0.786806	0.0001	5
2.85	0.998474	1.00086	-1.30003	0.786729	0.0001	5
2.851	0.998473	1.00086	-1.30096	0.786652	0.0001	5
2.852	0.998473	1.00086	-1.30189	0.786575	0.0001	5
2.853	0.998472	1.00086	-1.30282	0.786498	0.0001	5
2.854	0.998472	1.00086	-1.30374	0.786421	0.0001	5
2.855	0.998471	1.00086	-1.30467	0.786344	0.0001	5
2.856	0.998471	1.00086	-1.3056	0.786267	0.0001	5
2.857	0.99847	1.00086	-1.30653	0.78619	0.0001	5
2.858	0.99847	1.00086	-1.30745	0.786113	0.0001	5
2.859	0.998469	1.00086	-1.30838	0.786036	0.0001	5
2.86	0.998469	1.00086	-1.3093	0.785959	0.0001	5
2.861	0.998468	1.00086	-1.31023	0.785882	0.0001	5
2.862	0.998468	1.00086	-1.31115	0.785805	0.0001	5
2.863	0.998467	1.00086	-1.31208	0.785728	0.0001	5
2.864	0.998466	1.00086	-1.313	0.785651	0.0001	5
2.865	0.998466	1.00086	-1.31392	0.785574	0.0001	5
2.866	0.998465	1.00086	-1.31485	0.785497	0.0001	5
2.867	0.998465	1.00086	-1.31577	0.78542	0.0001	5
2.868	0.998464	1.00086	-1.31669	0.785343	0.0001	5
2.869	0.998464	1.00086	-1.31761	0.785266	0.0001	5
2.87	0.998463	1.00086	-1.31853	0.78519	0.0001	5
2.871	0.998463	1.00086	-1.31945	0.785113	0.0001	5
2.872	0.998462	1.00086	-1.32037	0.785036	0.0001	5
2.873	0.998462	1.00086	-1.32129	0.784959	0.0001	5
2.874	0.998461	1.00086	-1.32221	0.784882	0.0001	5
2.875	0.998461	1.00086	-1.32313	0.784805	0.0001	5
2.876	0.99846	1.00086	-1.32405	0.784728	0.0001	5
2.877	0.998459	1.00086	-1.32496	0.784652	0.0001	5
2.878	0.998459	1.00087	-1.32588	0.784575	0.0001	5
2.879	0.998458	1.00087	-1.3268	0.784498	0.0001	5
2.88	0.998458	1.00087	-1.32771	0.784421	0.0001	5
2.881	0.998457	1.00087	-1.32863	0.784344	0.0001	5
2.882	0.998457	1.00087	-1.32954	0.784268	0.0001	5
2.883	0.998456	1.00087	-1.33046	0.784191	0.0001	5
2.884	0.998456	1.00087	-1.33137	0.784114	0.0001	5
2.885	0.998455	1.00087	-1.33228	0.784037	0.0001	5
2.886	0.998455	1.00087	-1.3332	0.783961	0.0001	5
2.887	0.998454	1.00087	-1.33411	0.783884	0.0001	5
2.888	0.998454	1.00087	-1.33502	0.783807	0.0001	5
2.889	0.998453	1.00087	-1.33593	0.78373	0.0001	5
2.89	0.998453	1.00087	-1.33684	0.783654	0.0001	5
2.891	0.998452	1.00087	-1.33775	0.783577	0.0001	5
2.892	0.998451	1.00087	-1.33866	0.7835	0.0001	5
2.893	0.998451	1.00087	-1.33957	0.783424	0.0001	5
2.894	0.99845	1.00087	-1.34048	0.783347	0.0001	5
2.895	0.99845	1.00087	-1.34139	0.78327	0.0001	5
2.896	0.998449	1.00087	-1.3423	0.783194	0.0001	5
2.897	0.998449	1.00087	-1.34321	0.783117	0.0001	5
2.898	0.998448	1.00087	-1.34411	0.78304	0.0001	5
2.899	0.998448	1.00087	-1.34502	0.782964	0.0001	5
2.9	0.998447	1.00087	-1.34593	0.782887	0.0001	5
2.901	0.998447	1.00087	-1.34683	0.78281	0.0001	5
2.902	0.998446	1.00087	-1.34774	0.782734	0.0001	5
2.903	0.998446	1.00087	-1.34864	0.782657	0.0001	5
2.904	0.998445	1.00087	-1.34955	0.782581	0.0001	5
2.905	0.998444	1.00087	-1.35045	0.782504	0.0001	5
2.906	0.998444	1.00087	-1.35135	0.782427	0.0001	5
2.907	0.998443	1.00087	-1.35226	0.782351	0.0001	5
2.908	0.998443	1.00087	-1.35316	0.782274	0.0001	5
2.909	0.998442	1.00087	-1.35406	0.782198	0.0001	5
2.91	0.998442	1.00087	-1.35496	0.782121	0.0001	5
2.911	0.998441	1.00088	-1.35586	0.782045	0.0001	5
2.912	0.998441	1.00088	-1.35676	0.781968	0.0001	5
2.913	0.99844	1.00088	-1.35766	0.781892	0.0001	5
2.914	0.99844	1.00088	-1.35856	0.781815	0.0001	5
2.915	0.998439	1.00088	-1.35946	0.781739	0.0001	5
2.916	0.998439	1.00088	-1.36036	0.781662	0.0001	5
2.917	0.998438	1.00088	-1.36126	0.781586	0.0001	5
2.918	0.998438	1.00088	-1.36216	0.781509	0.0001	5
2.919	0.998437	1.00088	-1.36305	0.781433	0.0001	5
2.92	0.998436	1.00088	-1.36395	0.781356	0.0001	5
2.921	0.998436	1.00088	-1.36485	0.78128	0.0001	5
2.922	0.998435	1.00088	-1.36574	0.781203	0.0001	5
2.923	0.998435	1.00088	-1.36664	0.781127	0.0001	5
2.924	0.998434	1.00088	-1.36753	0.781051	0.0001	5
2.925	0.998434	1.00088	-1.36843	0.780974	0.0001	5
2.926	0.998433	1.00088	-1.36932	0.780898	0.0001	5
2.927	0.998433	1.00088	-1.37021	0.780821	0.0001	5
2.928	0.998432	1.00088	-1.37111	0.780745	0.0001	5
2.929	0.998432	1.00088	-1.372	0.780669	0.0001	5
2.93	0.998431	1.00088	-1.37289	0.780592	0.0001	5
2.931	0.998431	1.00088	-1.37378	0.780516	0.0001	5
2.932	0.99843	1.00088	-1.37467	0.78044	0.0001	5
2.933	0.998429	1.00088	-1.37556	0.780363	0.0001	5
2.934	0.998429	1.00088	-1.37645	0.780287	0.0001	5
2.935	0.998428	1.00088	-1.37734	0.780211	0.0001	5
2.936	0.998428	1.00088	-1.37823	0.780134	0.0001	5
2.937	0.998427	1.00088	-1.37912	0.780058	0.0001	5
2.938	0.998427	1.00088	-1.38001	0.779982	0.0001	5
2.939	0.998426	1.00088	-1.38089	0.779905	0.0001	5
2.94	0.998426	1.00088	-1.38178	0.779829	0.0001	5
2.941	0.998425	1.00088	-1.38267	0.779753	0.0001	5
2.942	0.998425	1.00088	-1.38355	0.779677	0.0001	5
2.943	0.998424	1.00088	-1.38444	0.7796	0.0001	5
2.944	0.998424	1.00088	-1.38533	0.779524	0.0001	5
2.945	0.998423	1.00089	-1.38621	0.779448	0.0001	5
2.946	0.998423	1.00089	-1.38709	0.779372	0.0001	5
2.947	0.998422	1.00089	-1.38798	0.779295	0.0001	5
2.948	0.998421	1.00089	-1.38886	0.779219	0.0001	5
2.949	0.998421	1.00089	-1.38974	0.779143	0.0001	5
2.95	0.99842	1.00089	-1.39063	0.779067	0.0001	5
2.951	0.99842	1.00089	-1.39151	0.778991	0.0001	5
2.952	0.998419	1.00089	-1.39239	0.778914	0.0001	5
2.953	0.998419	1.00089	-1.39327	0.778838	0.0001	5
2.954	0.998418	1.00089	-1.39415	0.778762	0.0001	5
2.955	0.998418	1.00089	-1.39503	0.778686	0.0001	5
2.956	0.998417	1.00089	-1.39591	0.77861	0.0001	5
2.957	0.998417	1.00089	-1.39679	0.778534	0.0001	5
2.958	0.998416	1.00089	-1.39767	0.778457	0.0001	5
2.959	0.998416	1.00089	-1.39855	0.778381	0.0001	5
2.96	0.998415	1.00089	-1.39942	0.778305	0.0001	5
2.961	0.998415	1.00089	-1.4003	0.778229	0.0001	5
2.962	0.998414	1.00089	-1.40118	0.778153	0.0001	5
2.963	0.998413	1.00089	-1.40205	0.778077	0.0001	5
2.964	0.998413	1.00089	-1.40293	0.778001	0.0001	5
2.965	0.998412	1.00089	-1.4038	0.777925	0.0001	5
2.966	0.998412	1.00089	-1.40468	0.777849	0.0001	5
2.967	0.998411	1.00089	-1.40555	0.777773	0.0001	5
2.968	0.998411	1.00089	-1.40643	0.777697	0.0001	5
2.969	0.99841	1.00089	-1.4073	0.777621	0.0001	5
2.97	0.99841	1.00089	-1.40817	0.777545	0.0001	5
2.971	0.998409	1.00089	-1.40905	0.777469	0.0001	5
2.972	0.998409	1.00089	-1.40992	0.777393	0.0001	5
2.973	0.998408	1.00089	-1.41079	0.777317	0.0001	5
2.974	0.998408	1.00089	-1.41166	0.777241	0.0001	5
2.975	0.998407	1.00089	-1.41253	0.777165	0.0001	5
2.976	0.998406	1.00089	-1.4134	0.777089	0.0001	5
2.977	0.998406	1.00089	-1.41427	0.777013	0.0001	5
2.978	0.998405	1.0009	-1.41514	0.776937	0.0001	5
2.979	0.998405	1.0009	-1.41601	0.776861	0.0001	5
2.98	0.998404	1.0009	-1.41688	0.776785	0.0001	5
2.981	0.998404	1.0009	-1.41774	0.776709	0.0001	5
2.982	0.998403	1.0009	-1.41861	0.776633	0.0001	5
2.983	0.998403	1.0009	-1.41948	0.776557	0.0001	5
2.984	0.998402	1.0009	-1.42034	0.776481	0.0001	5
2.985	0.998402	1.0009	-1.42121	0.776405	0.0001	5
2.986	0.998401	1.0009	-1.42207	0.776329	0.0001	5
2.987	0.998401	1.0009	-1.42294	0.776253	0.0001	5
2.988	0.9984	1.0009	-1.4238	0.776178	0.0001	5
2.989	0.9984	1.0009	-1.42467	0.776102	0.0001	5
2.99	0.998399	1.0009	-1.42553	0.776026	0.0001	5
2.991	0.998398	1.0009	-1.42639	0.77595	0.0001	5
2.992	0.998398	1.0009	-1.42726	0.775874	0.0001	5
2.993	0.998397	1.0009	-1.42812	0.775798	0.0001	5
2.994	0.998397	1.0009	-1.42898	0.775722	0.0001	5
2.995	0.998396	1.0009	-1.42984	0.775647	0.0001	5
2.996	0.998396	1.0009	-1.4307	0.775571	0.0001	5
2.997	0.998395	1.0009	-1.43156	0.775495	0.0001	5
2.998	0.998395	1.0009	-1.43242	0.775419	0.0001	5
2.999	0.998394	1.0009	-1.43328	0.775343	0.0001	5
3	0.998394	1.0009	-1.43414	0.775268	0.0001	5
3.001	0.998393	1.0009	-1.43207	0.775245	0.0006	5
3.002	0.998393	1.0009	-1.42942	0.775232	0.0006	5
3.003	0.998392	1.0009	-1.42677	0.775219	0.0006	5
3.004	0.998391	1.0009	-1.42413	0.775207	0.0006	5
3.005	0.998391	1.0009	-1.42148	0.775194	0.0006	5
3.006	0.99839	1.0009	-1.41883	0.775181	0.0006	5
3.007	0.99839	1.0009	-1.41618	0.775169	0.0006	5
3.008	0.998389	1.0009	-1.41353	0.775156	0.0006	5
3.009	0.998389	1.0009	-1.41088	0.775144	0.0006	5
3.01	0.998388	1.0009	-1.40823	0.775131	0.0006	5
3.011	0.998388	1.0009	-1.40558	0.775118	0.0006	5
3.012	0.998387	1.00091	-1.40293	0.775106	0.0006	5
3.013	0.998387	1.00091	-1.40028	0.775093	0.0006	5
3.014	0.998386	1.00091	-1.39763	0.77508	0.0006	5
3.015	0.998386	1.00091	-1.39498	0.775068	0.0006	5
3.016	0.998385	1.00091	-1.39234	0.775055	0.0006	5
3.017	0.998385	1.00091	-1.38969	0.775042	0.0006	5
3.018	0.998384	1.00091	-1.38704	0.77503	0.0006	5
3.019	0.998383	1.00091	-1.38439	0.775017	0.0006	5
3.02	0.998383	1.00091	-1.38174	0.775005	0.0006	5
3.021	0.998382	1.00091	-1.37909	0.774992	0.0006	5
3.022	0.998382	1.00091	-1.37644	0.774979	0.0006	5
3.023	0.998381	1.00091	-1.37379	0.774967	0.0006	5
3.024	0.998381	1.00091	-1.37114	0.774954	0.0006	5
3.025	0.99838	1.00091	-1.3685	0.774941	0.0006	5
3.026	0.99838	1.00091	-1.36585	0.774929	0.0006	5
3.027	0.998379	1.00091	-1.3632	0.774916	0.0006	5
3.028	0.998379	1.00091	-1.36055	0.774903	0.0006	5
3.029	0.998378	1.00091	-1.3579	0.774891	0.0006	5
3.03	0.998378	1.00091	-1.35525	0.774878	0.0006	5
3.031	0.998377	1.00091	-1.3526	0.774866	0.0006	5
3.032	0.998376	1.00091	-1.34995	0.774853	0.0006	5
3.033	0.998376	1.00091	-1.34731	0.77484	0.0006	5
3.034	0.998375	1.00091	-1.34466	0.774828	0.0006	5
3.035	0.998375	1.00091	-1.34201	0.774815	0.0006	5
3.036	0.998374	1.00091	-1.33936	0.774802	0.0006	5
3.037	0.998374	1.00091	-1.33671	0.77479	0.0006	5
3.038	0.998373	1.00091	-1.33406	0.774777	0.0006	5
3.039	0.998373	1.00091	-1.33142	0.774764	0.0006	5
3.04	0.998372	1.00091	-1.32877	0.774752	0.0006	5
3.041	0.998372	1.00091	-1.32612	0.774739	0.0006	5
3.042	0.998371	1.00091	-1.32347	0.774727	0.0006	5
3.043	0.998371	1.00091	-1.32082	0.774714	0.0006	5
3.044	0.99837	1.00091	-1.31817	0.774701	0.0006	5
3.045	0.99837	1.00092	-1.31552	0.774689	0.0006	5
3.046	0.998369	1.00092	-1.31288	0.774676	0.0006	5
3.047	0.998368	1.00092	-1.31023	0.774663	0.0006	5
3.048	0.998368	1.00092	-1.30758	0.774651	0.0006	5
3.049	0.998367	1.00092	-1.30493	0.774638	0.0006	5
3.05	0.998367	1.00092	-1.30228	0.774625	0.0006	5
3.051	0.998366	1.00092	-1.29964	0.774613	0.0006	5
3.052	0.998366	1.00092	-1.29699	0.7746	0.0006	5
3.053	0.998365	1.00092	-1.29434	0.774587	0.0006	5
3.054	0.998365	1.00092	-1.29169	0.774575	0.0006	5
3.055	0.998364	1.00092	-1.28904	0.774562	0.0006	5
3.056	0.998364	1.00092	-1.28639	0.77455	0.0006	5
3.057	0.998363	1.00092	-1.28375	0.774537	0.0006	5
3.058	0.998363	1.00092	-1.2811	0.774524	0.0006	5
3.059	0.998362	1.00092	-1.27845	0.774512	0.0006	5
3.06	0.998362	1.00092	-1.2758	0.774499	0.0006	5
3.061	0.998361	1.00092	-1.27315	0.774486	0.0006	5
3.062	0.99836	1.00092	-1.27051	0.774474	0.0006	5
3.063	0.99836	1.00092	-1.26786	0.774461	0.0006	5
3.064	0.998359	1.00092	-1.26521	0.774448	0.0006	5
3.065	0.998359	1.00092	-1.26256	0.774436	0.0006	5
3.066	0.998358	1.00092	-1.25992	0.774423	0.0006	5
3.067	0.998358	1.00092	-1.25727	0.77441	0.0006	5
3.068	0.998357	1.00092	-1.25462	0.774398	0.0006	5
3.069	0.998357	1.00092	-1.25197	0.774385	0.0006	5
3.07	0.998356	1.00092	-1.24932	0.774372	0.0006	5
3.071	0.998356	1.00092	-1.24668	0.77436	0.0006	5
3.072	0.998355	1.00092	-1.24403	0.774347	0.0006	5
3.073	0.998355	1.00092	-1.24138	0.774334	0.0006	5
3.074	0.998354	1.00092	-1.23873	0.774322	0.0006	5
3.075	0.998353	1.00092	-1.23609	0.774309	0.0006	5
3.076	0.998353	1.00092	-1.23344	0.774297	0.0006	5
3.077	0.998352	1.00092	-1.23079	0.774284	0.0006	5
3.078	0.998352	1.00092	-1.22814	0.774271	0.0006	5
3.079	0.998351	1.00093	-1.2255	0.774259	0.0006	5
3.08	0.998351	1.00093	-1.22285	0.774246	0.0006	5
3.081	0.99835	1.00093	-1.2202	0.774233	0.0006	5
3.082	0.99835	1.00093	-1.21755	0.774221	0.0006	5
3.083	0.998349	1.00093	-1.21491	0.774208	0.0006	5
3.084	0.998349	1.00093	-1.21226	0.774195	0.0006	5
3.085	0.998348	1.00093	-1.20961	0.774183	0.0006	5
3.086	0.998348	1.00093	-1.20696	0.77417	0.0006	5
3.087	0.998347	1.00093	-1.20432	0.774157	0.0006	5
3.088	0.998347	1.00093	-1.20167	0.774145	0.0006	5
3.089	0.998346	1.00093	-1.19902	0.774132	0.0006	5
3.09	0.998345	1.00093	-1.19637	0.774119	0.0006	5
3.091	0.998345	1.00093	-1.19373	0.774107	0.0006	5
3.092	0.998344	1.00093	-1.19108	0.774094	0.0006	5
3.093	0.998344	1.00093	-1.18843	0.774081	0.0006	5
3.094	0.998343	1.00093	-1.18579	0.774069	0.0006	5
3.095	0.998343	1.00093	-1.18314	0.774056	0.0006	5
3.096	0.998342	1.00093	-1.18049	0.774043	0.0006	5
3.097	0.998342	1.00093	-1.17784	0.774031	0.0006	5
3.098	0.998341	1.00093	-1.1752	0.774018	0.0006	5
3.099	0.998341	1.00093	-1.17255	0.774005	0.0006	5
3.1	0.99834	1.00093	-1.1699	0.773993	0.0006	5
3.101	0.99834	1.00093	-1.16726	0.77398	0.0006	5
3.102	0.998339	1.00093	-1.16461	0.773967	0.0006	5
3.103	0.998338	1.00093	-1.16196	0.773955	0.0006	5
3.104	0.998338	1.00093	-1.15932	0.773942	0.0006	5
3.105	0.998337	1.00093	-1.15667	0.773929	0.0006	5
3.106	0.998337	1.00093	-1.15402	0.773917	0.0006	5
3.107	0.998336	1.00093	-1.15138	0.773904	0.0006	5
3.108	0.998336	1.00093	-1.14873	0.773891	0.0006	5
3.109	0.998335	1.00093	-1.14608	0.773879	0.0006	5
3.11	0.998335	1.00093	-1.14343	0.773866	0.0006	5
3.111	0.998334	1.00093	-1.14079	0.773853	0.0006	5
3.112	0.998334	1.00094	-1.13814	0.773841	0.0006	5
3.113	0.998333	1.00094	-1.13549	0.773828	0.0006	5
3.114	0.998333	1.00094	-1.13285	0.773815	0.0006	5
3.115	0.998332	1.00094	-1.1302	0.773803	0.0006	5
3.116	0.998332	1.00094	-1.12755	0.77379	0.0006	5
3.117	0.998331	1.00094	-1.12491	0.773777	0.0006	5
3.118	0.99833	1.00094	-1.12226	0.773765	0.0006	5
3.119	0.99833	1.00094	-1.11961	0.773752	0.0006	5
3.12	0.998329	1.00094	-1.11697	0.773739	0.0006	5
3.121	0.998329	1.00094	-1.11432	0.773727	0.0006	5
3.122	0.998328	1.00094	-1.11168	0.773714	0.0006	5
3.123	0.998328	1.00094	-1.10903	0.773701	0.0006	5
3.124	0.998327	1.00094	-1.10638	0.773689	0.0006	5
3.125	0.998327	1.00094	-1.10374	0.773676	0.0006	5
3.126	0.998326	1.00094	-1.10109	0.773663	0.0006	5
3.127	0.998326	1.00094	-1.09844	0.773651	0.0006	5
3.128	0.998325	1.00094	-1.0958	0.773638	0.0006	5
3.129	0.998325	1.00094	-1.09315	0.773625	0.0006	5
3.13	0.998324	1.00094	-1.0905	0.773613	0.0006	5
3.131	0.998323	1.00094	-1.08786	0.7736	0.0006	5
3.132	0.998323	1.00094	-1.08521	0.773587	0.0006	5
3.133	0.998322	1.00094	-1.08257	0.773575	0.0006	5
3.134	0.998322	1.00094	-1.07992	0.773562	0.0006	5
3.135	0.998321	1.00094	-1.07727	0.773549	0.0006	5
3.136	0.998321	1.00094	-1.07463	0.773537	0.0006	5
3.137	0.99832	1.00094	-1.07198	0.773524	0.0006	5
3.138	0.99832	1.00094	-1.06933	0.773511	0.0006	5
3.139	0.998319	1.00094	-1.06669	0.773499	0.0006	5
3.14	0.998319	1.00094	-1.06404	0.773486	0.0006	5
3.141	0.998318	1.00094	-1.0614	0.773473	0.0006	5
3.142	0.998318	1.00094	-1.05875	0.773461	0.0006	5
3.143	0.998317	1.00094	-1.0561	0.773448	0.0006	5
3.144	0.998317	1.00094	-1.05346	0.773435	0.0006	5
3.145	0.998316	1.00094	-1.05081	0.773423	0.0006	5
3.146	0.998315	1.00095	-1.04817	0.77341	0.0006	5
3.147	0.998315	1.00095	-1.04552	0.773397	0.0006	5
3.148	0.998314	1.00095	-1.04287	0.773385	0.0006	5
3.149	0.998314	1.00095	-1.04023	0.773372	0.0006	5
3.15	0.998313	1.00095	-1.03758	0.773359	0.0006	5
3.151	0.998313	1.00095	-1.03494	0.773347	0.0006	5
3.152	0.998312	1.00095	-1.03229	0.773334	0.0006	5
3.153	0.998312	1.00095	-1.02965	0.773321	0.0006	5
3.154	0.998311	1.00095	-1.027	0.773309	0.0006	5
3.155	0.998311	1.00095	-1.02435	0.773296	0.0006	5
3.156	0.99831	1.00095	-1.02171	0.773283	0.0006	5
3.157	0.99831	1.00095	-1.01906	0.773271	0.0006	5
3.158	0.998309	1.00095	-1.01642	0.773258	0.0006	5
3.159	0.998308	1.00095	-1.01377	0.773245	0.0006	5
3.16	0.998308	1.00095	-1.01113	0.773233	0.0006	5
3.161	0.998307	1.00095	-1.00848	0.77322	0.0006	5
3.162	0.998307	1.00095	-1.00583	0.773207	0.0006	5
3.163	0.998306	1.00095	-1.00319	0.773194	0.0006	5
3.164	0.998306	1.00095	-1.00054	0.773182	0.0006	5
3.165	0.998305	1.00095	-0.997898	0.773169	0.0006	5
3.166	0.998305	1.00095	-0.995253	0.773156	0.0006	5
3.167	0.998304	1.00095	-0.992607	0.773144	0.0006	5
3.168	0.998304	1.00095	-0.989962	0.773131	0.0006	5
3.169	0.998303	1.00095	-0.987316	0.773118	0.0006	5
3.17	0.998303	1.00095	-0.984671	0.773106	0.0006	5
3.171	0.998302	1.00095	-0.982026	0.773093	0.0006	5
3.172	0.998302	1.00095	-0.97938	0.77308	0.0006	5
3.173	0.998301	1.00095	-0.976735	0.773068	0.0006	5
3.174	0.9983	1.00095	-0.97409	0.773055	0.0006	5
3.175	0.9983	1.00095	-0.971444	0.773042	0.0006	5
3.176	0.998299	1.00095	-0.968799	0.77303	0.0006	5
3.177	0.998299	1.00095	-0.966154	0.773017	0.0006	5
3.178	0.998298	1.00095	-0.963509	0.773004	0.0006	5
3.179	0.998298	1.00096	-0.960864	0.772992	0.0006	5
3.18	0.998297	1.00096	-0.958219	0.772979	0.0006	5
3.181	0.998297	1.00096	-0.955574	0.772966	0.0006	5
3.182	0.998296	1.00096	-0.952928	0.772953	0.0006	5
3.183	0.998296	1.00096	-0.950283	0.772941	0.0006	5
3.184	0.998295	1.00096	-0.947638	0.772928	0.0006	5
3.185	0.998295	1.00096	-0.944993	0.772915	0.0006	5
3.186	0.998294	1.00096	-0.942348	0.772903	0.0006	5
3.187	0.998294	1.00096	-0.939703	0.77289	0.0006	5
3.188	0.998293	1.00096	-0.937058	0.772877	0.0006	5
3.189	0.998292	1.00096	-0.934414	0.772865	0.0006	5
3.19	0.998292	1.00096	-0.931769	0.772852	0.0006	5
3.191	0.998291	1.00096	-0.929124	0.772839	0.0006	5
3.192	0.998291	1.00096	-0.926479	0.772827	0.0006	5
3.193	0.99829	1.00096	-0.923834	0.772814	0.0006	5
3.194	0.99829	1.00096	-0.921189	0.772801	0.0006	5
3.195	0.998289	1.00096	-0.918545	0.772789	0.0006	5
3.196	0.998289	1.00096	-0.9159	0.772776	0.0006	5
3.197	0.998288	1.00096	-0.913255	0.772763	0.0006	5
3.198	0.998288	1.00096	-0.91061	0.77275	0.0006	5
3.199	0.998287	1.00096	-0.907966	0.772738	0.0006	5
3.2	0.998287	1.00096	-0.905321	0.772725	0.0006	5
3.201	0.998286	1.00096	-0.902676	0.772712	0.0006	5
3.202	0.998285	1.00096	-0.900032	0.7727	0.0006	5
3.203	0.998285	1.00096	-0.897387	0.772687	0.0006	5
3.204	0.998284	1.00096	-0.894743	0.772674	0.0006	5
3.205	0.998284	1.00096	-0.892098	0.772662	0.0006	5
3.206	0.998283	1.00096	-0.889454	0.772649	0.0006	5
3.207	0.998283	1.00096	-0.886809	0.772636	0.0006	5
3.208	0.998282	1.00096	-0.884165	0.772623	0.0006	5
3.209	0.998282	1.00096	-0.88152	0.772611	0.0006	5
3.21	0.998281	1.00096	-0.878876	0.772598	0.0006	5
3.211	0.998281	1.00096	-0.876231	0.772585	0.0006	5
3.212	0.99828	1.00097	-0.873587	0.772573	0.0006	5
3.213	0.99828	1.00097	-0.870943	0.77256	0.0006	5
3.214	0.998279	1.00097	-0.868298	0.772547	0.0006	5
3.215	0.998279	1.00097	-0.865654	0.772535	0.0006	5
3.216	0.998278	1.00097	-0.86301	0.772522	0.0006	5
3.217	0.998277	1.00097	-0.860366	0.772509	0.0006	5
3.218	0.998277	1.00097	-0.857721	0.772497	0.0006	5
3.219	0.998276	1.00097	-0.855077	0.772484	0.0006	5
3.22	0.998276	1.00097	-0.852433	0.772471	0.0006	5
3.221	0.998275	1.00097	-0.849789	0.772458	0.0006	5
3.222	0.998275	1.00097	-0.847145	0.772446	0.0006	5
3.223	0.998274	1.00097	-0.844501	0.772433	0.0006	5
3.224	0.998274	1.00097	-0.841856	0.77242	0.0006	5
3.225	0.998273	1.00097	-0.839212	0.772408	0.0006	5
3.226	0.998273	1.00097	-0.836568	0.772395	0.0006	5
3.227	0.998272	1.00097	-0.833924	0.772382	0.0006	5
3.228	0.998272	1.00097	-0.83128	0.77237	0.0006	5
3.229	0.998271	1.00097	-0.828636	0.772357	0.0006	5
3.23	0.99827	1.00097	-0.825992	0.772344	0.0006	5
3.231	0.99827	1.00097	-0.823349	0.772331	0.0006	5
3.232	0.998269	1.00097	-0.820705	0.772319	0.0006	5
3.233	0.998269	1.00097	-0.818061	0.772306	0.0006	5
3.234	0.998268	1.00097	-0.815417	0.772293	0.0006	5
3.235	0.998268	1.00097	-0.812773	0.772281	0.0006	5
3.236	0.998267	1.00097	-0.810129	0.772268	0.0006	5
3.237	0.998267	1.00097	-0.807486	0.772255	0.0006	5
3.238	0.998266	1.00097	-0.804842	0.772242	0.0006	5
3.239	0.998266	1.00097	-0.802198	0.77223	0.0006	5
3.24	0.998265	1.00097	-0.799554	0.772217	0.0006	5
3.241	0.998265	1.00097	-0.796911	0.772204	0.0006	5
3.242	0.998264	1.00097	-0.794267	0.772192	0.0006	5
3.243	0.998264	1.00097	-0.791623	0.772179	0.0006	5
3.244	0.998263	1.00097	-0.78898	0.772166	0.0006	5
3.245	0.998262	1.00098	-0.786336	0.772154	0.0006	5
3.246	0.998262	1.00098	-0.783693	0.772141	0.0006	5
3.247	0.998261	1.00098	-0.781049	0.772128	0.0006	5
3.248	0.998261	1.00098	-0.778406	0.772115	0.0006	5
3.249	0.99826	1.00098	-0.775762	0.772103	0.0006	5
3.25	0.99826	1.00098	-0.773119	0.77209	0.0006	5
3.251	0.998259	1.00098	-0.770475	0.772077	0.0006	5
3.252	0.998259	1.00098	-0.767832	0.772065	0.0006	5
3.253	0.998258	1.00098	-0.765188	0.772052	0.0006	5
3.254	0.998258	1.00098	-0.762545	0.772039	0.0006	5
3.255	0.998257	1.00098	-0.759902	0.772026	0.0006	5
3.256	0.998257	1.00098	-0.757258	0.772014	0.0006	5
3.257	0.998256	1.00098	-0.754615	0.772001	0.0006	5
3.258	0.998255	1.00098	-0.751972	0.771988	0.0006	5
3.259	0.998255	1.00098	-0.749328	0.771976	0.0006	5
3.26	0.998254	1.00098	-0.746685	0.771963	0.0006	5
3.261	0.998254	1.00098	-0.744042	0.77195	0.0006	5
3.262	0.998253	1.00098	-0.741399	0.771937	0.0006	5
3.263	0.998253	1.00098	-0.738756	0.771925	0.0006	5
3.264	0.998252	1.00098	-0.736112	0.771912	0.0006	5
3.265	0.998252	1.00098	-0.733469	0.771899	0.0006	5
3.266	0.998251	1.00098	-0.730826	0.771887	0.0006	5
3.267	0.998251	1.00098	-0.728183	0.771874	0.0006	5
3.268	0.99825	1.00098	-0.72554	0.771861	0.0006	5
3.269	0.99825	1.00098	-0.722897	0.771848	0.0006	5
3.27	0.998249	1.00098	-0.720254	0.771836	0.0006	5
3.271	0.998249	1.00098	-0.717611	0.771823	0.0006	5
3.272	0.998248	1.00098	-0.714968	0.77181	0.0006	5
3.273	0.998247	1.00098	-0.712325	0.771798	0.0006	5
3.274	0.998247	1.00098	-0.709682	0.771785	0.0006	5
3.275	0.998246	1.00098	-0.70704	0.771772	0.0006	5
3.276	0.998246	1.00098	-0.704397	0.771759	0.0006	5
3.277	0.998245	1.00098	-0.701754	0.771747	0.0006	5
3.278	0.998245	1.00099	-0.699111	0.771734	0.0006	5
3.279	0.998244	1.00099	-0.696468	0.771721	0.0006	5
3.28	0.998244	1.00099	-0.693825	0.771709	0.0006	5
3.281	0.998243	1.00099	-0.691183	0.771696	0.0006	5
3.282	0.998243	1.00099	-0.68854	0.771683	0.0006	5
3.283	0.998242	1.00099	-0.685897	0.77167	0.0006	5
3.284	0.998242	1.00099	-0.683255	0.771658	0.0006	5
3.285	0.998241	1.00099	-0.680612	0.771645	0.0006	5
3.286	0.99824	1.00099	-0.677969	0.771632	0.0006	5
3.287	0.99824	1.00099	-0.675327	0.771619	0.0006	5
3.288	0.998239	1.00099	-0.672684	0.771607	0.0006	5
3.289	0.998239	1.00099	-0.670042	0.771594	0.0006	5
3.29	0.998238	1.00099	-0.667399	0.771581	0.0006	5
3.291	0.998238	1.00099	-0.664757	0.771569	0.0006	5
3.292	0.998237	1.00099	-0.662114	0.771556	0.0006	5
3.293	0.998237	1.00099	-0.659472	0.771543	0.0006	5
3.294	0.998236	1.00099	-0.656829	0.77153	0.0006	5
3.295	0.998236	1.00099	-0.654187	0.771518	0.0006	5
3.296	0.998235	1.00099	-0.651545	0.771505	0.0006	5
3.297	0.998235	1.00099	-0.648902	0.771492	0.0006	5
3.298	0.998234	1.00099	-0.64626	0.77148	0.0006	5
3.299	0.998234	1.00099	-0.643618	0.771467	0.0006	5
3.3	0.998233	1.00099	-0.640975	0.771454	0.0006	5
3.301	0.998232	1.00099	-0.638333	0.771441	0.0006	5
3.302	0.998232	1.00099	-0.635691	0.771429	0.0006	5
3.303	0.998231	1.00099	-0.633049	0.771416	0.0006	5
3.304	0.998231	1.00099	-0.630406	0.771403	0.0006	5
3.305	0.99823	1.00099	-0.627764	0.77139	0.0006	5
3.306	0.99823	1.00099	-0.625122	0.771378	0.0006	5
3.307	0.998229	1.00099	-0.62248	0.771365	0.0006	5
3.308	0.998229	1.00099	-0.619838	0.771352	0.0006	5
3.309	0.998228	1.00099	-0.617196	0.77134	0.0006	5
3.31	0.998228	1.00099	-0.614554	0.771327	0.0006	5
3.311	0.998227	1.001	-0.611912	0.771314	0.0006	5
3.312	0.998227	1.001	-0.60927	0.771301	0.0006	5
3.313	0.998226	1.001	-0.606628	0.771289	0.0006	5
3.314	0.998226	1.001	-0.603986	0.771276	0.0006	5
3.315	0.998225	1.001	-0.601344	0.771263	0.0006	5
3.316	0.998224	1.001	-0.598702	0.77125	0.0006	5
3.317	0.998224	1.001	-0.59606	0.771238	0.0006	5
3.318	0.998223	1.001	-0.593418	0.771225	0.0006	5
3.319	0.998223	1.001	-0.590776	0.771212	0.0006	5
3.32	0.998222	1.001	-0.588135	0.771199	0.0006	5
3.321	0.998222	1.001	-0.585493	0.771187	0.0006	5
3.322	0.998221	1.001	-0.582851	0.771174	0.0006	5
3.323	0.998221	1.001	-0.580209	0.771161	0.0006	5
3.324	0.99822	1.001	-0.577567	0.771149	0.0006	5
3.325	0.99822	1.001	-0.574926	0.771136	0.0006	5
3.326	0.998219	1.001	-0.572284	0.771123	0.0006	5
3.327	0.998219	1.001	-0.569642	0.77111	0.0006	5
3.328	0.998218	1.001	-0.567001	0.771098	0.0006	5
3.329	0.998217	1.001	-0.564359	0.771085	0.0006	5
3.33	0.998217	1.001	-0.561718	0.771072	0.0006	5
3.331	0.998216	1.001	-0.559076	0.771059	0.0006	5
3.332	0.998216	1.001	-0.556435	0.771047	0.0006	5
3.333	0.998215	1.001	-0.553793	0.771034	0.0006	5
3.334	0.998215	1.001	-0.551152	0.771021	0.0006	5
3.335	0.998214	1.001	-0.54851	0.771008	0.0006	5
3.336	0.998214	1.001	-0.545869	0.770996	0.0006	5
3.337	0.998213	1.001	-0.543227	0.770983	0.0006	5
3.338	0.998213	1.001	-0.540586	0.77097	0.0006	5
3.339	0.998212	1.001	-0.537945	0.770957	0.0006	5
3.34	0.998212	1.001	-0.535303	0.770945	0.0006	5
3.341	0.998211	1.001	-0.532662	0.770932	0.0006	5
3.342	0.998211	1.001	-0.530021	0.770919	0.0006	5
3.343	0.99821	1.001	-0.527379	0.770907	0.0006	5
3.344	0.998209	1.00101	-0.524738	0.770894	0.0006	5
3.345	0.998209	1.00101	-0.522097	0.770881	0.0006	5
3.346	0.998208	1.00101	-0.519456	0.770868	0.0006	5
3.347	0.998208	1.00101	-0.516815	0.770856	0.0006	5
3.348	0.998207	1.00101	-0.514173	0.770843	0.0006	5
3.349	0.998207	1.00101	-0.511532	0.77083	0.0006	5
3.35	0.998206	1.00101	-0.508891	0.770817	0.0006	5
3.351	0.998206	1.00101	-0.50625	0.770805	0.0006	5
3.352	0.998205	1.00101	-0.503609	0.770792	0.0006	5
3.353	0.998205	1.00101	-0.500968	0.770779	0.0006	5
3.354	0.998204	1.00101	-0.498327	0.770766	0.0006	5
3.355	0.998204	1.00101	-0.495686	0.770754	0.0006	5
3.356	0.998203	1.00101	-0.493045	0.770741	0.0006	5
3.357	0.998202	1.00101	-0.490404	0.770728	0.0006	5
3.358	0.998202	1.00101	-0.487763	0.770715	0.0006	5
3.359	0.998201	1.00101	-0.485122	0.770703	0.0006	5
3.36	0.998201	1.00101	-0.482481	0.77069	0.0006	5
3.361	0.9982	1.00101	-0.479841	0.770677	0.0006	5
3.362	0.9982	1.00101	-0.4772	0.770664	0.0006	5
3.363	0.998199	1.00101	-0.474559	0.770652	0.0006	5
3.364	0.998199	1.00101	-0.471918	0.770639	0.0006	5
3.365	0.998198	1.00101	-0.469277	0.770626	0.0006	5
3.366	0.998198	1.00101	-0.466637	0.770613	0.0006	5
3.367	0.998197	1.00101	-0.463996	0.770601	0.0006	5
3.368	0.998197	1.00101	-0.461355	0.770588	0.0006	5
3.369	0.998196	1.00101	-0.458715	0.770575	0.0006	5
3.37	0.998196	1.00101	-0.456074	0.770562	0.0006	5
3.371	0.998195	1.00101	-0.453433	0.77055	0.0006	5
3.372	0.998194	1.00101	-0.450793	0.770537	0.0006	5
3.373	0.998194	1.00101	-0.448152	0.770524	0.0006	5
3.374	0.998193	1.00101	-0.445512	0.770511	0.0006	5
3.375	0.998193	1.00101	-0.442871	0.770499	0.0006	5
3.376	0.998192	1.00101	-0.440231	0.770486	0.0006	5
3.377	0.998192	1.00102	-0.43759	0.770473	0.0006	5
3.378	0.998191	1.00102	-0.43495	0.77046	0.0006	5
3.379	0.998191	1.00102	-0.432309	0.770448	0.0006	5
3.38	0.99819	1.00102	-0.429669	0.770435	0.0006	5
3.381	0.99819	1.00102	-0.427029	0.770422	0.0006	5
3.382	0.998189	1.00102	-0.424388	0.770409	0.0006	5
3.383	0.998189	1.00102	-0.421748	0.770397	0.0006	5
3.384	0.998188	1.00102	-0.419108	0.770384	0.0006	5
3.385	0.998187	1.00102	-0.416467	0.770371	0.0006	5
3.386	0.998187	1.00102	-0.413827	0.770358	0.0006	5
3.387	0.998186	1.00102	-0.411187	0.770346	0.0006	5
3.388	0.998186	1.00102	-0.408547	0.770333	0.0006	5
3.389	0.998185	1.00102	-0.405907	0.77032	0.0006	5
3.39	0.998185	1.00102	-0.403266	0.770307	0.0006	5
3.391	0.998184	1.00102	-0.400626	0.770295	0.0006	5
3.392	0.998184	1.00102	-0.397986	0.770282	0.0006	5
3.393	0.998183	1.00102	-0.395346	0.770269	0.0006	5
3.394	0.998183	1.00102	-0.392706	0.770256	0.0006	5
3.395	0.998182	1.00102	-0.390066	0.770244	0.0006	5
3.396	0.998182	1.00102	-0.387426	0.770231	0.0006	5
3.397	0.998181	1.00102	-0.384786	0.770218	0.0006	5
3.398	0.998181	1.00102	-0.382146	0.770205	0.0006	5
3.399	0.99818	1.00102	-0.379506	0.770193	0.0006	5
3.4	0.998179	1.00102	-0.376866	0.77018	0.0006	5
3.401	0.998179	1.00102	-0.374226	0.770167	0.0006	5
3.402	0.998178	1.00102	-0.371586	0.770154	0.0006	5
3.403	0.998178	1.00102	-0.368947	0.770141	0.0006	5
3.404	0.998177	1.00102	-0.366307	0.770129	0.0006	5
3.405	0.998177	1.00102	-0.363667	0.770116	0.0006	5
3.406	0.998176	1.00102	-0.361027	0.770103	0.0006	5
3.407	0.998176	1.00102	-0.358387	0.77009	0.0006	5
3.408	0.998175	1.00102	-0.355748	0.770078	0.0006	5
3.409	0.998175	1.00102	-0.353108	0.770065	0.0006	5
3.41	0.998174	1.00103	-0.350468	0.770052	0.0006	5
3.411	0.998174	1.00103	-0.347829	0.770039	0.0006	5
3.412	0.998173	1.00103	-0.345189	0.770027	0.0006	5
3.413	0.998172	1.00103	-0.342549	0.770014	0.0006	5
3.414	0.998172	1.00103	-0.33991	0.770001	0.0006	5
3.415	0.998171	1.00103	-0.33727	0.769988	0.0006	5
3.416	0.998171	1.00103	-0.334631	0.769976	0.0006	5
3.417	0.99817	1.00103	-0.331991	0.769963	0.0006	5
3.418	0.99817	1.00103	-0.329352	0.76995	0.0006	5
3.419	0.998169	1.00103	-0.326712	0.769937	0.0006	5
3.42	0.998169	1.00103	-0.324073	0.769925	0.0006	5
3.421	0.998168	1.00103	-0.321433	0.769912	0.0006	5
3.422	0.998168	1.00103	-0.318794	0.769899	0.0006	5
3.423	0.998167	1.00103	-0.316155	0.769886	0.0006	5
3.424	0.998167	1.00103	-0.313515	0.769873	0.0006	5
3.425	0.998166	1.00103	-0.310876	0.769861	0.0006	5
3.426	0.998166	1.00103	-0.308237	0.769848	0.0006	5
3.427	0.998165	1.00103	-0.305597	0.769835	0.0006	5
3.428	0.998164	1.00103	-0.302958	0.769822	0.0006	5
3.429	0.998164	1.00103	-0.300319	0.76981	0.0006	5
3.43	0.998163	1.00103	-0.29768	0.769797	0.0006	5
3.431	0.998163	1.00103	-0.29504	0.769784	0.0006	5
3.432	0.998162	1.00103	-0.292401	0.769771	0.0006	5
3.433	0.998162	1.00103	-0.289762	0.769759	0.0006	5
3.434	0.998161	1.00103	-0.287123	0.769746	0.0006	5
3.435	0.998161	1.00103	-0.284484	0.769733	0.0006	5
3.436	0.99816	1.00103	-0.281845	0.76972	0.0006	5
3.437	0.99816	1.00103	-0.279206	0.769707	0.0006	5
3.438	0.998159	1.00103	-0.276567	0.769695	0.0006	5
3.439	0.998159	1.00103	-0.273928	0.769682	0.0006	5
3.44	0.998158	1.00103	-0.271289	0.769669	0.0006	5
3.441	0.998158	1.00103	-0.26865	0.769656	0.0006	5
3.442	0.998157	1.00103	-0.266011	0.769644	0.0006	5
3.443	0.998156	1.00104	-0.263372	0.769631	0.0006	5
3.444	0.998156	1.00104	-0.260733	0.769618	0.0006	5
3.445	0.998155	1.00104	-0.258094	0.769605	0.0006	5
3.446	0.998155	1.00104	-0.255456	0.769593	0.0006	5
3.447	0.998154	1.00104	-0.252817	0.76958	0.0006	5
3.448	0.998154	1.00104	-0.250178	0.769567	0.0006	5
3.449	0.998153	1.00104	-0.247539	0.769554	0.0006	5
3.45	0.998153	1.00104	-0.2449	0.769541	0.0006	5
3.451	0.998152	1.00104	-0.242262	0.769529	0.0006	5
3.452	0.998152	1.00104	-0.239623	0.769516	0.0006	5
3.453	0.998151	1.00104	-0.236984	0.769503	0.0006	5
3.454	0.998151	1.00104	-0.234346	0.76949	0.0006	5
3.455	0.99815	1.00104	-0.231707	0.769478	0.0006	5
3.456	0.998149	1.00104	-0.229069	0.769465	0.0006	5
3.457	0.998149	1.00104	-0.22643	0.769452	0.0006	5
3.458	0.998148	1.00104	-0.223791	0.769439	0.0006	5
3.459	0.998148	1.00104	-0.221153	0.769426	0.0006	5
3.46	0.998147	1.00104	-0.218514	0.769414	0.0006	5
3.461	0.998147	1.00104	-0.215876	0.769401	0.0006	5
3.462	0.998146	1.00104	-0.213238	0.769388	0.0006	5
3.463	0.998146	1.00104	-0.210599	0.769375	0.0006	5
3.464	0.998145	1.00104	-0.207961	0.769363	0.0006	5
3.465	0.998145	1.00104	-0.205322	0.76935	0.0006	5
3.466	0.998144	1.00104	-0.202684	0.769337	0.0006	5
3.467	0.998144	1.00104	-0.200046	0.769324	0.0006	5
3.468	0.998143	1.00104	-0.197407	0.769311	0.0006	5
3.469	0.998143	1.00104	-0.194769	0.769299	0.0006	5
3.47	0.998142	1.00104	-0.192131	0.769286	0.0006	5
3.471	0.998141	1.00104	-0.189493	0.769273	0.0006	5
3.472	0.998141	1.00104	-0.186854	0.76926	0.0006	5
3.473	0.99814	1.00104	-0.184216	0.769247	0.0006	5
3.474	0.99814	1.00104	-0.181578	0.769235	0.0006	5
3.475	0.998139	1.00104	-0.17894	0.769222	0.0006	5
3.476	0.998139	1.00105	-0.176302	0.769209	0.0006	5
3.477	0.998138	1.00105	-0.173664	0.769196	0.0006	5
3.478	0.998138	1.00105	-0.171026	0.769184	0.0006	5
3.479	0.998137	1.00105	-0.168387	0.769171	0.0006	5
3.48	0.998137	1.00105	-0.165749	0.769158	0.0006	5
3.481	0.998136	1.00105	-0.163111	0.769145	0.0006	5
3.482	0.998136	1.00105	-0.160473	0.769132	0.0006	5
3.483	0.998135	1.00105	-0.157836	0.76912	0.0006	5
3.484	0.998134	1.00105	-0.155198	0.769107	0.0006	5
3.485	0.998134	1.00105	-0.15256	0.769094	0.0006	5
3.486	0.998133	1.00105	-0.149922	0.769081	0.0006	5
3.487	0.998133	1.00105	-0.147284	0.769068	0.0006	5
3.488	0.998132	1.00105	-0.144646	0.769056	0.0006	5
3.489	0.998132	1.00105	-0.142008	0.769043	0.0006	5
3.49	0.998131	1.00105	-0.139371	0.76903	0.0006	5
3.491	0.998131	1.00105	-0.136733	0.769017	0.0006	5
3.492	0.99813	1.00105	-0.134095	0.769005	0.0006	5
3.493	0.99813	1.00105	-0.131457	0.768992	0.0006	5
3.494	0.998129	1.00105	-0.12882	0.768979	0.0006	5
3.495	0.998129	1.00105	-0.126182	0.768966	0.0006	5
3.496	0.998128	1.00105	-0.123544	0.768953	0.0006	5
3.497	0.998128	1.00105	-0.120907	0.768941	0.0006	5
3.498	0.998127	1.00105	-0.118269	0.768928	0.0006	5
3.499	0.998126	1.00105	-0.115632	0.768915	0.0006	5
3.5	0.998126	1.00105	-0.112994	0.768902	0.0006	5
3.501	0.998125	1.00105	-0.113317	0.768836	0.0001	5
3.502	0.998125	1.00105	-0.114233	0.768759	0.0001	5
3.503	0.998124	1.00105	-0.115147	0.768683	0.0001	5
3.504	0.998124	1.00105	-0.116061	0.768606	0.0001	5
3.505	0.998123	1.00105	-0.116975	0.768529	0.0001	5
3.506	0.998123	1.00105	-0.117888	0.768453	0.0001	5
3.507	0.998122	1.00105	-0.118801	0.768376	0.0001	5
3.508	0.998122	1.00105	-0.119713	0.768299	0.0001	5
3.509	0.998121	1.00106	-0.120625	0.768222	0.0001	5
3.51	0.998121	1.00106	-0.121536	0.768146	0.0001	5
3.511	0.99812	1.00106	-0.122447	0.768069	0.0001	5
3.512	0.998119	1.00106	-0.123357	0.767992	0.0001	5
3.513	0.998119	1.00106	-0.124267	0.767916	0.0001	5
3.514	0.998118	1.00106	-0.125176	0.767839	0.0001	5
3.515	0.998118	1.00106	-0.126085	0.767763	0.0001	5
3.516	0.998117	1.00106	-0.126993	0.767686	0.0001	5
3.517	0.998117	1.00106	-0.127901	0.767609	0.0001	5
3.518	0.998116	1.00106	-0.128808	0.767533	0.0001	5
3.519	0.998116	1.00106	-0.129715	0.767456	0.0001	5
3.52	0.998115	1.00106	-0.130621	0.76738	0.0001	5
3.521	0.998115	1.00106	-0.131527	0.767303	0.0001	5
3.522	0.998114	1.00106	-0.132432	0.767226	0.0001	5
3.523	0.998114	1.00106	-0.133337	0.76715	0.0001	5
3.524	0.998113	1.00106	-0.134242	0.767073	0.0001	5
3.525	0.998113	1.00106	-0.135146	0.766997	0.0001	5
3.526	0.998112	1.00106	-0.136049	0.76692	0.0001	5
3.527	0.998111	1.00106	-0.136952	0.766844	0.0001	5
3.528	0.998111	1.00106	-0.137854	0.766767	0.0001	5
3.529	0.99811	1.00106	-0.138756	0.766691	0.0001	5
3.53	0.99811	1.00106	-0.139658	0.766614	0.0001	5
3.531	0.998109	1.00106	-0.140559	0.766538	0.0001	5
3.532	0.998109	1.00106	-0.141459	0.766461	0.0001	5
3.533	0.998108	1.00106	-0.142359	0.766385	0.0001	5
3.534	0.998108	1.00106	-0.143259	0.766308	0.0001	5
3.535	0.998107	1.00106	-0.144158	0.766232	0.0001	5
3.536	0.998107	1.00106	-0.145056	0.766155	0.0001	5
3.537	0.998106	1.00106	-0.145954	0.766079	0.0001	5
3.538	0.998106	1.00106	-0.146852	0.766003	0.0001	5
3.539	0.998105	1.00106	-0.147749	0.765926	0.0001	5
3.54	0.998105	1.00106	-0.148646	0.76585	0.0001	5
3.541	0.998104	1.00107	-0.149542	0.765773	0.0001	5
3.542	0.998103	1.00107	-0.150437	0.765697	0.0001	5
3.543	0.998103	1.00107	-0.151332	0.765621	0.0001	5
3.544	0.998102	1.00107	-0.152227	0.765544	0.0001	5
3.545	0.998102	1.00107	-0.153121	0.765468	0.0001	5
3.546	0.998101	1.00107	-0.154015	0.765392	0.0001	5
3.547	0.998101	1.00107	-0.154908	0.765315	0.0001	5
3.548	0.9981	1.00107	-0.155801	0.765239	0.0001	5
3.549	0.9981	1.00107	-0.156693	0.765162	0.0001	5
3.55	0.998099	1.00107	-0.157585	0.765086	0.0001	5
3.551	0.998099	1.00107	-0.158476	0.76501	0.0001	5
3.552	0.998098	1.00107	-0.159367	0.764934	0.0001	5
3.553	0.998098	1.00107	-0.160257	0.764857	0.0001	5
3.554	0.998097	1.00107	-0.161147	0.764781	0.0001	5
3.555	0.998096	1.00107	-0.162036	0.764705	0.0001	5
3.556	0.998096	1.00107	-0.162925	0.764628	0.0001	5
3.557	0.998095	1.00107	-0.163813	0.764552	0.0001	5
3.558	0.998095	1.00107	-0.164701	0.764476	0.0001	5
3.559	0.998094	1.00107	-0.165589	0.7644	0.0001	5
3.56	0.998094	1.00107	-0.166475	0.764323	0.0001	5
3.561	0.998093	1.00107	-0.167362	0.764247	0.0001	5
3.562	0.998093	1.00107	-0.168248	0.764171	0.0001	5
3.563	0.998092	1.00107	-0.169133	0.764095	0.0001	5
3.564	0.998092	1.00107	-0.170018	0.764019	0.0001	5
3.565	0.998091	1.00107	-0.170903	0.763942	0.0001	5
3.566	0.998091	1.00107	-0.171787	0.763866	0.0001	5
3.567	0.99809	1.00107	-0.17267	0.76379	0.0001	5
3.568	0.99809	1.00107	-0.173553	0.763714	0.0001	5
3.569	0.998089	1.00107	-0.174436	0.763638	0.0001	5
3.57	0.998088	1.00107	-0.175318	0.763562	0.0001	5
3.571	0.998088	1.00107	-0.176199	0.763485	0.0001	5
3.572	0.998087	1.00107	-0.17708	0.763409	0.0001	5
3.573	0.998087	1.00107	-0.177961	0.763333	0.0001	5
3.574	0.998086	1.00108	-0.178841	0.763257	0.0001	5
3.575	0.998086	1.00108	-0.179721	0.763181	0.0001	5
3.576	0.998085	1.00108	-0.1806	0.763105	0.0001	5
3.577	0.998085	1.00108	-0.181479	0.763029	0.0001	5
3.578	0.998084	1.00108	-0.182357	0.762953	0.0001	5
3.579	0.998084	1.00108	-0.183235	0.762877	0.0001	5
3.58	0.998083	1.00108	-0.184112	0.762801	0.0001	5
3.581	0.998083	1.00108	-0.184989	0.762725	0.0001	5
3.582	0.998082	1.00108	-0.185865	0.762649	0.0001	5
3.583	0.998081	1.00108	-0.186741	0.762572	0.0001	5
3.584	0.998081	1.00108	-0.187616	0.762496	0.0001	5
3.585	0.99808	1.00108	-0.188491	0.76242	0.0001	5
3.586	0.99808	1.00108	-0.189365	0.762344	0.0001	5
3.587	0.998079	1.00108	-0.190239	0.762268	0.0001	5
3.588	0.998079	1.00108	-0.191112	0.762192	0.0001	5
3.589	0.998078	1.00108	-0.191985	0.762116	0.0001	5
3.59	0.998078	1.00108	-0.192858	0.76204	0.0001	5
3.591	0.998077	1.00108	-0.193729	0.761965	0.0001	5
3.592	0.998077	1.00108	-0.194601	0.761889	0.0001	5
3.593	0.998076	1.00108	-0.195472	0.761813	0.0001	5
3.594	0.998076	1.00108	-0.196342	0.761737	0.0001	5
3.595	0.998075	1.00108	-0.197212	0.761661	0.0001	5
3.596	0.998075	1.00108	-0.198082	0.761585	0.0001	5
3.597	0.998074	1.00108	-0.198951	0.761509	0.0001	5
3.598	0.998073	1.00108	-0.19982	0.761433	0.0001	5
3.599	0.998073	1.00108	-0.200688	0.761357	0.0001	5
3.6	0.998072	1.00108	-0.201555	0.761281	0.0001	5
3.601	0.998072	1.00108	-0.202422	0.761205	0.0001	5
3.602	0.998071	1.00108	-0.203289	0.761129	0.0001	5
3.603	0.998071	1.00108	-0.204155	0.761054	0.0001	5
3.604	0.99807	1.00108	-0.205021	0.760978	0.0001	5
3.605	0.99807	1.00108	-0.205886	0.760902	0.0001	5
3.606	0.998069	1.00108	-0.206751	0.760826	0.0001	5
3.607	0.998069	1.00109	-0.207615	0.76075	0.0001	5
3.608	0.998068	1.00109	-0.208479	0.760674	0.0001	5
3.609	0.998068	1.00109	-0.209342	0.760599	0.0001	5
3.61	0.998067	1.00109	-0.210205	0.760523	0.0001	5
3.611	0.998066	1.00109	-0.211067	0.760447	0.0001	5
3.612	0.998066	1.00109	-0.211929	0.760371	0.0001	5
3.613	0.998065	1.00109	-0.21279	0.760295	0.0001	5
3.614	0.998065	1.00109	-0.213651	0.76022	0.0001	5
3.615	0.998064	1.00109	-0.214512	0.760144	0.0001	5
3.616	0.998064	1.00109	-0.215372	0.760068	0.0001	5
3.617	0.998063	1.00109	-0.216231	0.759992	0.0001	5
3.618	0.998063	1.00109	-0.21709	0.759917	0.0001	5
3.619	0.998062	1.00109	-0.217948	0.759841	0.0001	5
3.62	0.998062	1.00109	-0.218806	0.759765	0.0001	5
3.621	0.998061	1.00109	-0.219664	0.75969	0.0001	5
3.622	0.998061	1.00109	-0.220521	0.759614	0.0001	5
3.623	0.99806	1.00109	-0.221378	0.759538	0.0001	5
3.624	0.99806	1.00109	-0.222234	0.759463	0.0001	5
3.625	0.998059	1.00109	-0.223089	0.759387	0.0001	5
3.626	0.998058	1.00109	-0.223945	0.759311	0.0001	5
3.627	0.998058	1.00109	-0.224799	0.759236	0.0001	5
3.628	0.998057	1.00109	-0.225653	0.75916	0.0001	5
3.629	0.998057	1.00109	-0.226507	0.759084	0.0001	5
3.63	0.998056	1.00109	-0.22736	0.759009	0.0001	5
3.631	0.998056	1.00109	-0.228213	0.758933	0.0001	5
3.632	0.998055	1.00109	-0.229065	0.758857	0.0001	5
3.633	0.998055	1.00109	-0.229917	0.758782	0.0001	5
3.634	0.998054	1.00109	-0.230768	0.758706	0.0001	5
3.635	0.998054	1.00109	-0.231619	0.758631	0.0001	5
3.636	0.998053	1.00109	-0.23247	0.758555	0.0001	5
3.637	0.998053	1.00109	-0.23332	0.758479	0.0001	5
3.638	0.998052	1.00109	-0.234169	0.758404	0.0001	5
3.639	0.998051	1.00109	-0.235018	0.758328	0.0001	5
3.64	0.998051	1.0011	-0.235866	0.758253	0.0001	5
3.641	0.99805	1.0011	-0.236714	0.758177	0.0001	5
3.642	0.99805	1.0011	-0.237562	0.758102	0.0001	5
3.643	0.998049	1.0011	-0.238409	0.758026	0.0001	5
3.644	0.998049	1.0011	-0.239255	0.757951	0.0001	5
3.645	0.998048	1.0011	-0.240102	0.757875	0.0001	5
3.646	0.998048	1.0011	-0.240947	0.7578	0.0001	5
3.647	0.998047	1.0011	-0.241792	0.757724	0.0001	5
3.648	0.998047	1.0011	-0.242637	0.757649	0.0001	5
3.649	0.998046	1.0011	-0.243481	0.757573	0.0001	5
3.65	0.998046	1.0011	-0.244325	0.757498	0.0001	5
3.651	0.998045	1.0011	-0.245168	0.757422	0.0001	5
3.652	0.998045	1.0011	-0.246011	0.757347	0.0001	5
3.653	0.998044	1.0011	-0.246853	0.757271	0.0001	5
3.654	0.998043	1.0011	-0.247695	0.757196	0.0001	5
3.655	0.998043	1.0011	-0.248536	0.757121	0.0001	5
3.656	0.998042	1.0011	-0.249377	0.757045	0.0001	5
3.657	0.998042	1.0011	-0.250217	0.75697	0.0001	5
3.658	0.998041	1.0011	-0.251057	0.756894	0.0001	5
3.659	0.998041	1.0011	-0.251897	0.756819	0.0001	5
3.66	0.99804	1.0011	-0.252736	0.756744	0.0001	5
3.661	0.99804	1.0011	-0.253574	0.756668	0.0001	5
3.662	0.998039	1.0011	-0.254412	0.756593	0.0001	5
3.663	0.998039	1.0011	-0.25525	0.756518	0.0001	5
3.664	0.998038	1.0011	-0.256087	0.756442	0.0001	5
3.665	0.998038	1.0011	-0.256923	0.756367	0.0001	5
3.666	0.998037	1.0011	-0.257759	0.756292	0.0001	5
3.667	0.998037	1.0011	-0.258595	0.756216	0.0001	5
3.668	0.998036	1.0011	-0.25943	0.756141	0.0001	5
3.669	0.998035	1.0011	-0.260265	0.756066	0.0001	5
3.67	0.998035	1.0011	-0.261099	0.75599	0.0001	5
3.671	0.998034	1.0011	-0.261933	0.755915	0.0001	5
3.672	0.998034	1.00111	-0.262766	0.75584	0.0001	5
3.673	0.998033	1.00111	-0.263599	0.755765	0.0001	5
3.674	0.998033	1.00111	-0.264431	0.755689	0.0001	5
3.675	0.998032	1.00111	-0.265263	0.755614	0.0001	5
3.676	0.998032	1.00111	-0.266094	0.755539	0.0001	5
3.677	0.998031	1.00111	-0.266925	0.755464	0.0001	5
3.678	0.998031	1.00111	-0.267756	0.755388	0.0001	5
3.679	0.99803	1.00111	-0.268586	0.755313	0.0001	5
3.68	0.99803	1.00111	-0.269415	0.755238	0.0001	5
3.681	0.998029	1.00111	-0.270244	0.755163	0.0001	5
3.682	0.998028	1.00111	-0.271073	0.755088	0.0001	5
3.683	0.998028	1.00111	-0.271901	0.755012	0.0001	5
3.684	0.998027	1.00111	-0.272728	0.754937	0.0001	5
3.685	0.998027	1.00111	-0.273555	0.754862	0.0001	5
3.686	0.998026	1.00111	-0.274382	0.754787	0.0001	5
3.687	0.998026	1.00111	-0.275208	0.754712	0.0001	5
3.688	0.998025	1.00111	-0.276034	0.754637	0.0001	5
3.689	0.998025	1.00111	-0.276859	0.754562	0.0001	5
3.69	0.998024	1.00111	-0.277684	0.754486	0.0001	5
3.691	0.998024	1.00111	-0.278508	0.754411	0.0001	5
3.692	0.998023	1.00111	-0.279332	0.754336	0.0001	5
3.693	0.998023	1.00111	-0.280155	0.754261	0.0001	5
3.694	0.998022	1.00111	-0.280978	0.754186	0.0001	5
3.695	0.998022	1.00111	-0.2818	0.754111	0.0001	5
3.696	0.998021	1.00111	-0.282622	0.754036	0.0001	5
3.697	0.99802	1.00111	-0.283444	0.753961	0.0001	5
3.698	0.99802	1.00111	-0.284265	0.753886	0.0001	5
3.699	0.998019	1.00111	-0.285085	0.753811	0.0001	5
3.7	0.998019	1.00111	-0.285905	0.753736	0.0001	5
3.701	0.998018	1.00111	-0.286725	0.753661	0.0001	5
3.702	0.998018	1.00111	-0.287544	0.753586	0.0001	5
3.703	0.998017	1.00111	-0.288363	0.753511	0.0001	5
3.704	0.998017	1.00111	-0.289181	0.753436	0.0001	5
3.705	0.998016	1.00112	-0.289998	0.753361	0.0001	5
3.706	0.998016	1.00112	-0.290816	0.753286	0.0001	5
3.707	0.998015	1.00112	-0.291632	0.753211	0.0001	5
3.708	0.998015	1.00112	-0.292449	0.753136	0.0001	5
3.709	0.998014	1.00112	-0.293264	0.753061	0.0001	5
3.71	0.998013	1.00112	-0.29408	0.752986	0.0001	5
3.711	0.998013	1.00112	-0.294895	0.752911	0.0001	5
3.712	0.998012	1.00112	-0.295709	0.752836	0.0001	5
3.713	0.998012	1.00112	-0.296523	0.752761	0.0001	5
3.714	0.998011	1.00112	-0.297336	0.752686	0.0001	5
3.715	0.998011	1.00112	-0.298149	0.752611	0.0001	5
3.716	0.99801	1.00112	-0.298962	0.752536	0.0001	5
3.717	0.99801	1.00112	-0.299774	0.752461	0.0001	5
3.718	0.998009	1.00112	-0.300585	0.752387	0.0001	5
3.719	0.998009	1.00112	-0.301396	0.752312	0.0001	5
3.72	0.998008	1.00112	-0.302207	0.752237	0.0001	5
3.721	0.998008	1.00112	-0.303017	0.752162	0.0001	5
3.722	0.998007	1.00112	-0.303827	0.752087	0.0001	5
3.723	0.998007	1.00112	-0.304636	0.752012	0.0001	5
3.724	0.998006	1.00112	-0.305445	0.751937	0.0001	5
3.725	0.998005	1.00112	-0.306253	0.751863	0.0001	5
3.726	0.998005	1.00112	-0.307061	0.751788	0.0001	5
3.727	0.998004	1.00112	-0.307868	0.751713	0.0001	5
3.728	0.998004	1.00112	-0.308675	0.751638	0.0001	5
3.729	0.998003	1.00112	-0.309482	0.751563	0.0001	5
3.73	0.998003	1.00112	-0.310288	0.751489	0.0001	5
3.731	0.998002	1.00112	-0.311093	0.751414	0.0001	5
3.732	0.998002	1.00112	-0.311898	0.751339	0.0001	5
3.733	0.998001	1.00112	-0.312703	0.751264	0.0001	5
3.734	0.998001	1.00112	-0.313507	0.75119	0.0001	5
3.735	0.998	1.00112	-0.31431	0.751115	0.0001	5
3.736	0.998	1.00112	-0.315113	0.75104	0.0001	5
3.737	0.997999	1.00112	-0.315916	0.750965	0.0001	5
3.738	0.997998	1.00113	-0.316718	0.750891	0.0001	5
3.739	0.997998	1.00113	-0.31752	0.750816	0.0001	5
3.74	0.997997	1.00113	-0.318321	0.750741	0.0001	5
3.741	0.997997	1.00113	-0.319122	0.750667	0.0001	5
3.742	0.997996	1.00113	-0.319922	0.750592	0.0001	5
3.743	0.997996	1.00113	-0.320722	0.750517	0.0001	5
3.744	0.997995	1.00113	-0.321521	0.750443	0.0001	5
3.745	0.997995	1.00113	-0.32232	0.750368	0.0001	5
3.746	0.997994	1.00113	-0.323119	0.750293	0.0001	5
3.747	0.997994	1.00113	-0.323917	0.750219	0.0001	5
3.748	0.997993	1.00113	-0.324714	0.750144	0.0001	5
3.749	0.997993	1.00113	-0.325511	0.750069	0.0001	5
3.75	0.997992	1.00113	-0.326308	0.749995	0.0001	5
3.751	0.997992	1.00113	-0.327104	0.74992	0.0001	5
3.752	0.997991	1.00113	-0.3279	0.749846	0.0001	5
3.753	0.99799	1.00113	-0.328695	0.749771	0.0001	5
3.754	0.99799	1.00113	-0.32949	0.749696	0.0001	5
3.755	0.997989	1.00113	-0.330284	0.749622	0.0001	5
3.756	0.997989	1.00113	-0.331078	0.749547	0.0001	5
3.757	0.997988	1.00113	-0.331871	0.749473	0.0001	5
3.758	0.997988	1.00113	-0.332664	0.749398	0.0001	5
3.759	0.997987	1.00113	-0.333456	0.749324	0.0001	5
3.76	0.997987	1.00113	-0.334248	0.749249	0.0001	5
3.761	0.997986	1.00113	-0.33504	0.749175	0.0001	5
3.762	0.997986	1.00113	-0.335831	0.7491	0.0001	5
3.763	0.997985	1.00113	-0.336621	0.749026	0.0001	5
3.764	0.997985	1.00113	-0.337411	0.748951	0.0001	5
3.765	0.997984	1.00113	-0.338201	0.748877	0.0001	5
3.766	0.997984	1.00113	-0.33899	0.748802	0.0001	5
3.767	0.997983	1.00113	-0.339779	0.748728	0.0001	5
3.768	0.997982	1.00113	-0.340567	0.748653	0.0001	5
3.769	0.997982	1.00113	-0.341355	0.748579	0.0001	5
3.77	0.997981	1.00113	-0.342142	0.748504	0.0001	5
3.771	0.997981	1.00114	-0.342929	0.74843	0.0001	5
3.772	0.99798	1.00114	-0.343715	0.748355	0.0001	5
3.773	0.99798	1.00114	-0.344501	0.748281	0.0001	5
3.774	0.997979	1.00114	-0.345286	0.748207	0.0001	5
3.775	0.997979	1.00114	-0.346071	0.748132	0.0001	5
3.776	0.997978	1.00114	-0.346856	0.748058	0.0001	5
3.777	0.997978	1.00114	-0.34764	0.747983	0.0001	5
3.778	0.997977	1.00114	-0.348423	0.747909	0.0001	5
3.779	0.997977	1.00114	-0.349206	0.747835	0.0001	5
3.78	0.997976	1.00114	-0.349989	0.74776	0.0001	5
3.781	0.997975	1.00114	-0.350771	0.747686	0.0001	5
3.782	0.997975	1.00114	-0.351553	0.747612	0.0001	5
3.783	0.997974	1.00114	-0.352334	0.747537	0.0001	5
3.784	0.997974	1.00114	-0.353115	0.747463	0.0001	5
3.785	0.997973	1.00114	-0.353895	0.747389	0.0001	5
3.786	0.997973	1.00114	-0.354675	0.747314	0.0001	5
3.787	0.997972	1.00114	-0.355454	0.74724	0.0001	5
3.788	0.997972	1.00114	-0.356233	0.747166	0.0001	5
3.789	0.997971	1.00114	-0.357012	0.747091	0.0001	5
3.79	0.997971	1.00114	-0.35779	0.747017	0.0001	5
3.791	0.99797	1.00114	-0.358567	0.746943	0.0001	5
3.792	0.99797	1.00114	-0.359344	0.746869	0.0001	5
3.793	0.997969	1.00114	-0.360121	0.746794	0.0001	5
3.794	0.997969	1.00114	-0.360897	0.74672	0.0001	5
3.795	0.997968	1.00114	-0.361673	0.746646	0.0001	5
3.796	0.997967	1.00114	-0.362448	0.746572	0.0001	5
3.797	0.997967	1.00114	-0.363223	0.746497	0.0001	5
3.798	0.997966	1.00114	-0.363997	0.746423	0.0001	5
3.799	0.997966	1.00114	-0.364771	0.746349	0.0001	5
3.8	0.997965	1.00114	-0.365544	0.746275	0.0001	5
3.801	0.997965	1.00114	-0.366317	0.746201	0.0001	5
3.802	0.997964	1.00114	-0.36709	0.746126	0.0001	5
3.803	0.997964	1.00114	-0.367862	0.746052	0.0001	5
3.804	0.997963	1.00115	-0.368633	0.745978	0.0001	5
3.805	0.997963	1.00115	-0.369404	0.745904	0.0001	5
3.806	0.997962	1.00115	-0.370175	0.74583	0.0001	5
3.807	0.997962	1.00115	-0.370945	0.745756	0.0001	5
3.808	0.997961	1.00115	-0.371715	0.745681	0.0001	5
3.809	0.99796	1.00115	-0.372484	0.745607	0.0001	5
3.81	0.99796	1.00115	-0.373252	0.745533	0.0001	5
3.811	0.997959	1.00115	-0.374021	0.745459	0.0001	5
3.812	0.997959	1.00115	-0.374789	0.745385	0.0001	5
3.813	0.997958	1.00115	-0.375556	0.745311	0.0001	5
3.814	0.997958	1.00115	-0.376323	0.745237	0.0001	5
3.815	0.997957	1.00115	-0.377089	0.745163	0.0001	5
3.816	0.997957	1.00115	-0.377855	0.745089	0.0001	5
3.817	0.997956	1.00115	-0.378621	0.745015	0.0001	5
3.818	0.997956	1.00115	-0.379386	0.744941	0.0001	5
3.819	0.997955	1.00115	-0.38015	0.744867	0.0001	5
3.82	0.997955	1.00115	-0.380915	0.744793	0.0001	5
3.821	0.997954	1.00115	-0.381678	0.744719	0.0001	5
3.822	0.997954	1.00115	-0.382441	0.744645	0.0001	5
3.823	0.997953	1.00115	-0.383204	0.744571	0.0001	5
3.824	0.997952	1.00115	-0.383967	0.744497	0.0001	5
3.825	0.997952	1.00115	-0.384728	0.744423	0.0001	5
3.826	0.997951	1.00115	-0.38549	0.744349	0.0001	5
3.827	0.997951	1.00115	-0.386251	0.744275	0.0001	5
3.828	0.99795	1.00115	-0.387011	0.744201	0.0001	5
3.829	0.99795	1.00115	-0.387771	0.744127	0.0001	5
3.83	0.997949	1.00115	-0.388531	0.744053	0.0001	5
3.831	0.997949	1.00115	-0.38929	0.743979	0.0001	5
3.832	0.997948	1.00115	-0.390048	0.743905	0.0001	5
3.833	0.997948	1.00115	-0.390807	0.743831	0.0001	5
3.834	0.997947	1.00115	-0.391564	0.743757	0.0001	5
3.835	0.997947	1.00115	-0.392321	0.743683	0.0001	5
3.836	0.997946	1.00115	-0.393078	0.743609	0.0001	5
3.837	0.997945	1.00116	-0.393835	0.743535	0.0001	5
3.838	0.997945	1.00116	-0.39459	0.743461	0.0001	5
3.839	0.997944	1.00116	-0.395346	0.743388	0.0001	5
3.84	0.997944	1.00116	-0.396101	0.743314	0.0001	5
3.841	0.997943	1.00116	-0.396855	0.74324	0.0001	5
3.842	0.997943	1.00116	-0.397609	0.743166	0.0001	5
3.843	0.997942	1.00116	-0.398363	0.743092	0.0001	5
3.844	0.997942	1.00116	-0.399116	0.743018	0.0001	5
3.845	0.997941	1.00116	-0.399869	0.742944	0.0001	5
3.846	0.997941	1.00116	-0.400621	0.742871	0.0001	5
3.847	0.99794	1.00116	-0.401373	0.742797	0.0001	5
3.848	0.99794	1.00116	-0.402124	0.742723	0.0001	5
3.849	0.997939	1.00116	-0.402875	0.742649	0.0001	5
3.85	0.997939	1.00116	-0.403625	0.742575	0.0001	5
3.851	0.997938	1.00116	-0.404375	0.742502	0.0001	5
3.852	0.997937	1.00116	-0.405124	0.742428	0.0001	5
3.853	0.997937	1.00116	-0.405873	0.742354	0.0001	5
3.854	0.997936	1.00116	-0.406622	0.74228	0.0001	5
3.855	0.997936	1.00116	-0.40737	0.742207	0.0001	5
3.856	0.997935	1.00116	-0.408118	0.742133	0.0001	5
3.857	0.997935	1.00116	-0.408865	0.742059	0.0001	5
3.858	0.997934	1.00116	-0.409612	0.741986	0.0001	5
3.859	0.997934	1.00116	-0.410358	0.741912	0.0001	5
3.86	0.997933	1.00116	-0.411104	0.741838	0.0001	5
3.861	0.997933	1.00116	-0.411849	0.741764	0.0001	5
3.862	0.997932	1.00116	-0.412594	0.741691	0.0001	5
3.863	0.997932	1.00116	-0.413338	0.741617	0.0001	5
3.864	0.997931	1.00116	-0.414082	0.741543	0.0001	5
3.865	0.99793	1.00116	-0.414826	0.74147	0.0001	5
3.866	0.99793	1.00116	-0.415569	0.741396	0.0001	5
3.867	0.997929	1.00116	-0.416311	0.741322	0.0001	5
3.868	0.997929	1.00116	-0.417053	0.741249	0.0001	5
3.869	0.997928	1.00116	-0.417795	0.741175	0.0001	5
3.87	0.997928	1.00117	-0.418536	0.741102	0.0001	5
3.871	0.997927	1.00117	-0.419277	0.741028	0.0001	5
3.872	0.997927	1.00117	-0.420017	0.740954	0.0001	5
3.873	0.997926	1.00117	-0.420757	0.740881	0.0001	5
3.874	0.997926	1.00117	-0.421497	0.740807	0.0001	5
3.875	0.997925	1.00117	-0.422236	0.740734	0.0001	5
3.876	0.997925	1.00117	-0.422974	0.74066	0.0001	5
3.877	0.997924	1.00117	-0.423712	0.740586	0.0001	5
3.878	0.997924	1.00117	-0.42445	0.740513	0.0001	5
3.879	0.997923	1.00117	-0.425187	0.740439	0.0001	5
3.88	0.997922	1.00117	-0.425924	0.740366	0.0001	5
3.881	0.997922	1.00117	-0.42666	0.740292	0.0001	5
3.882	0.997921	1.00117	-0.427395	0.740219	0.0001	5
3.883	0.997921	1.00117	-0.428131	0.740145	0.0001	5
3.884	0.99792	1.00117	-0.428866	0.740072	0.0001	5
3.885	0.99792	1.00117	-0.4296	0.739998	0.0001	5
3.886	0.997919	1.00117	-0.430334	0.739925	0.0001	5
3.887	0.997919	1.00117	-0.431067	0.739851	0.0001	5
3.888	0.997918	1.00117	-0.4318	0.739778	0.0001	5
3.889	0.997918	1.00117	-0.432533	0.739704	0.0001	5
3.89	0.997917	1.00117	-0.433265	0.739631	0.0001	5
3.891	0.997917	1.00117	-0.433997	0.739557	0.0001	5
3.892	0.997916	1.00117	-0.434728	0.739484	0.0001	5
3.893	0.997916	1.00117	-0.435459	0.739411	0.0001	5
3.894	0.997915	1.00117	-0.436189	0.739337	0.0001	5
3.895	0.997914	1.00117	-0.436919	0.739264	0.0001	5
3.896	0.997914	1.00117	-0.437648	0.73919	0.0001	5
3.897	0.997913	1.00117	-0.438377	0.739117	0.0001	5
3.898	0.997913	1.00117	-0.439106	0.739044	0.0001	5
3.899	0.997912	1.00117	-0.439834	0.73897	0.0001	5
3.9	0.997912	1.00117	-0.440561	0.738897	0.0001	5
3.901	0.997911	1.00117	-0.441289	0.738823	0.0001	5
3.902	0.997911	1.00117	-0.442015	0.73875	0.0001	5
3.903	0.99791	1.00118	-0.442741	0.738677	0.0001	5
3.904	0.99791	1.00118	-0.443467	0.738603	0.0001	5
3.905	0.997909	1.00118	-0.444193	0.73853	0.0001	5
3.906	0.997909	1.00118	-0.444917	0.738457	0.0001	5
3.907	0.997908	1.00118	-0.445642	0.738383	0.0001	5
3.908	0.997907	1.00118	-0.446366	0.73831	0.0001	5
3.909	0.997907	1.00118	-0.447089	0.738237	0.0001	5
3.91	0.997906	1.00118	-0.447812	0.738163	0.0001	5
3.911	0.997906	1.00118	-0.448535	0.73809	0.0001	5
3.912	0.997905	1.00118	-0.449257	0.738017	0.0001	5
3.913	0.997905	1.00118	-0.449979	0.737944	0.0001	5
3.914	0.997904	1.00118	-0.4507	0.73787	0.0001	5
3.915	0.997904	1.00118	-0.451421	0.737797	0.0001	5
3.916	0.997903	1.00118	-0.452141	0.737724	0.0001	5
3.917	0.997903	1.00118	-0.452861	0.737651	0.0001	5
3.918	0.997902	1.00118	-0.45358	0.737577	0.0001	5
3.919	0.997902	1.00118	-0.454299	0.737504	0.0001	5
3.92	0.997901	1.00118	-0.455018	0.737431	0.0001	5
3.921	0.997901	1.00118	-0.455736	0.737358	0.0001	5
3.922	0.9979	1.00118	-0.456454	0.737285	0.0001	5
3.923	0.997899	1.00118	-0.457171	0.737211	0.0001	5
3.924	0.997899	1.00118	-0.457887	0.737138	0.0001	5
3.925	0.997898	1.00118	-0.458604	0.737065	0.0001	5
3.926	0.997898	1.00118	-0.45932	0.736992	0.0001	5
3.927	0.997897	1.00118	-0.460035	0.736919	0.0001	5
3.928	0.997897	1.00118	-0.46075	0.736846	0.0001	5
3.929	0.997896	1.00118	-0.461464	0.736772	0.0001	5
3.93	0.997896	1.00118	-0.462178	0.736699	0.0001	5
3.931	0.997895	1.00118	-0.462892	0.736626	0.0001	5
3.932	0.997895	1.00118	-0.463605	0.736553	0.0001	5
3.933	0.997894	1.00118	-0.464318	0.73648	0.0001	5
3.934	0.997894	1.00118	-0.46503	0.736407	0.0001	5
3.935	0.997893	1.00119	-0.465742	0.736334	0.0001	5
3.936	0.997892	1.00119	-0.466453	0.736261	0.0001	5
3.937	0.997892	1.00119	-0.467164	0.736188	0.0001	5
3.938	0.997891	1.00119	-0.467874	0.736115	0.0001	5
3.939	0.997891	1.00119	-0.468584	0.736041	0.0001	5
3.94	0.99789	1.00119	-0.469294	0.735968	0.0001	5
3.941	0.99789	1.00119	-0.470003	0.735895	0.0001	5
3.942	0.997889	1.00119	-0.470711	0.735822	0.0001	5
3.943	0.997889	1.00119	-0.47142	0.735749	0.0001	5
3.944	0.997888	1.00119	-0.472127	0.735676	0.0001	5
3.945	0.997888	1.00119	-0.472834	0.735603	0.0001	5
3.946	0.997887	1.00119	-0.473541	0.73553	0.0001	5
3.947	0.997887	1.00119	-0.474248	0.735457	0.0001	5
3.948	0.997886	1.00119	-0.474954	0.735384	0.0001	5
3.949	0.997886	1.00119	-0.475659	0.735311	0.0001	5
3.95	0.997885	1.00119	-0.476364	0.735238	0.0001	5
3.951	0.997884	1.00119	-0.477069	0.735165	0.0001	5
3.952	0.997884	1.00119	-0.477773	0.735092	0.0001	5
3.953	0.997883	1.00119	-0.478476	0.735019	0.0001	5
3.954	0.997883	1.00119	-0.47918	0.734947	0.0001	5
3.955	0.997882	1.00119	-0.479882	0.734874	0.0001	5
3.956	0.997882	1.00119	-0.480585	0.734801	0.0001	5
3.957	0.997881	1.00119	-0.481287	0.734728	0.0001	5
3.958	0.997881	1.00119	-0.481988	0.734655	0.0001	5
3.959	0.99788	1.00119	-0.482689	0.734582	0.0001	5
3.96	0.99788	1.00119	-0.483389	0.734509	0.0001	5
3.961	0.997879	1.00119	-0.48409	0.734436	0.0001	5
3.962	0.997879	1.00119	-0.484789	0.734363	0.0001	5
3.963	0.997878	1.00119	-0.485488	0.73429	0.0001	5
3.964	0.997877	1.00119	-0.486187	0.734218	0.0001	5
3.965	0.997877	1.00119	-0.486885	0.734145	0.0001	5
3.966	0.997876	1.00119	-0.487583	0.734072	0.0001	5
3.967	0.997876	1.00119	-0.488281	0.733999	0.0001	5
3.968	0.997875	1.0012	-0.488977	0.733926	0.0001	5
3.969	0.997875	1.0012	-0.489674	0.733853	0.0001	5
3.97	0.997874	1.0012	-0.49037	0.733781	0.0001	5
3.971	0.997874	1.0012	-0.491066	0.733708	0.0001	5
3.972	0.997873	1.0012	-0.491761	0.733635	0.0001	5
3.973	0.997873	1.0012	-0.492455	0.733562	0.0001	5
3.974	0.997872	1.0012	-0.49315	0.73349	0.0001	5
3.975	0.997872	1.0012	-0.493844	0.733417	0.0001	5
3.976	0.997871	1.0012	-0.494537	0.733344	0.0001	5
3.977	0.997871	1.0012	-0.49523	0.733271	0.0001	5
3.978	0.99787	1.0012	-0.495922	0.733198	0.0001	5
3.979	0.997869	1.0012	-0.496614	0.733126	0.0001	5
3.98	0.997869	1.0012	-0.497306	0.733053	0.0001	5
3.981	0.997868	1.0012	-0.497997	0.73298	0.0001	5
3.982	0.997868	1.0012	-0.498688	0.732908	0.0001	5
3.983	0.997867	1.0012	-0.499378	0.732835	0.0001	5
3.984	0.997867	1.0012	-0.500068	0.732762	0.0001	5
3.985	0.997866	1.0012	-0.500757	0.732689	0.0001	5
3.986	0.997866	1.0012	-0.501446	0.732617	0.0001	5
3.987	0.997865	1.0012	-0.502134	0.732544	0.0001	5
3.988	0.997865	1.0012	-0.502822	0.732471	0.0001	5
3.989	0.997864	1.0012	-0.50351	0.732399	0.0001	5
3.99	0.997864	1.0012	-0.504197	0.732326	0.0001	5
3.991	0.997863	1.0012	-0.504884	0.732254	0.0001	5
3.992	0.997863	1.0012	-0.50557	0.732181	0.0001	5
3.993	0.997862	1.0012	-0.506256	0.732108	0.0001	5
3.994	0.997861	1.0012	-0.506941	0.732036	0.0001	5
3.995	0.997861	1.0012	-0.507626	0.731963	0.0001	5
3.996	0.99786	1.0012	-0.50831	0.73189	0.0001	5
3.997	0.99786	1.0012	-0.508994	0.731818	0.0001	5
3.998	0.997859	1.0012	-0.509678	0.731745	0.0001	5
3.999	0.997859	1.0012	-0.510361	0.731673	0.0001	5
4	0.997858	1.0012	-0.511044	0.7316	0.0001	5
4.001	0.997858	1.00121	-0.508926	0.731578	0.0006	5
4.002	0.997857	1.00121	-0.506249	0.731566	0.0006	5
4.003	0.997857	1.00121	-0.503572	0.731554	0.0006	5
4.004	0.997856	1.00121	-0.500895	0.731542	0.0006	5
4.005	0.997856	1.00121	-0.498218	0.73153	0.0006	5
4.006	0.997855	1.00121	-0.495542	0.731517	0.0006	5
4.007	0.997854	1.00121	-0.492865	0.731505	0.0006	5
4.008	0.997854	1.00121	-0.490188	0.731493	0.0006	5
4.009	0.997853	1.00121	-0.487511	0.731481	0.0006	5
4.01	0.997853	1.00121	-0.484834	0.731469	0.0006	5
4.011	0.997852	1.00121	-0.482157	0.731457	0.0006	5
4.012	0.997852	1.00121	-0.479481	0.731445	0.0006	5
4.013	0.997851	1.00121	-0.476804	0.731433	0.0006	5
4.014	0.997851	1.00121	-0.474127	0.731421	0.0006	5
4.015	0.99785	1.00121	-0.47145	0.731409	0.0006	5
4.016	0.99785	1.00121	-0.468774	0.731397	0.0006	5
4.017	0.997849	1.00121	-0.466097	0.731384	0.0006	5
4.018	0.997849	1.00121	-0.46342	0.731372	0.0006	5
4.019	0.997848	1.00121	-0.460744	0.73136	0.0006	5
4.02	0.997848	1.00121	-0.458067	0.731348	0.0006	5
4.021	0.997847	1.00121	-0.455391	0.731336	0.0006	5
4.022	0.997846	1.00121	-0.452714	0.731324	0.0006	5
4.023	0.997846	1.00121	-0.450038	0.731312	0.0006	5
4.024	0.997845	1.00121	-0.447361	0.7313	0.0006	5
4.025	0.997845	1.00121	-0.444685	0.731288	0.0006	5
4.026	0.997844	1.00121	-0.442008	0.731276	0.0006	5
4.027	0.997844	1.00121	-0.439332	0.731263	0.0006	5
4.028	0.997843	1.00121	-0.436655	0.731251	0.0006	5
4.029	0.997843	1.00121	-0.433979	0.731239	0.0006	5
4.03	0.997842	1.00121	-0.431303	0.731227	0.0006	5
4.031	0.997842	1.00121	-0.428626	0.731215	0.0006	5
4.032	0.997841	1.00121	-0.42595	0.731203	0.0006	5
4.033	0.997841	1.00121	-0.423274	0.731191	0.0006	5
4.034	0.99784	1.00122	-0.420597	0.731179	0.0006	5
4.035	0.997839	1.00122	-0.417921	0.731167	0.0006	5
4.036	0.997839	1.00122	-0.415245	0.731154	0.0006	5
4.037	0.997838	1.00122	-0.412569	0.731142	0.0006	5
4.038	0.997838	1.00122	-0.409893	0.73113	0.0006	5
4.039	0.997837	1.00122	-0.407216	0.731118	0.0006	5
4.04	0.997837	1.00122	-0.40454	0.731106	0.0006	5
4.041	0.997836	1.00122	-0.401864	0.731094	0.0006	5
4.042	0.997836	1.00122	-0.399188	0.731082	0.0006	5
4.043	0.997835	1.00122	-0.396512	0.73107	0.0006	5
4.044	0.997835	1.00122	-0.393836	0.731058	0.0006	5
4.045	0.997834	1.00122	-0.39116	0.731046	0.0006	5
4.046	0.997834	1.00122	-0.388484	0.731033	0.0006	5
4.047	0.997833	1.00122	-0.385808	0.731021	0.0006	5
4.048	0.997833	1.00122	-0.383132	0.731009	0.0006	5
4.049	0.997832	1.00122	-0.380456	0.730997	0.0006	5
4.05	0.997831	1.00122	-0.37778	0.730985	0.0006	5
4.051	0.997831	1.00122	-0.375104	0.730973	0.0006	5
4.052	0.99783	1.00122	-0.372429	0.730961	0.0006	5
4.053	0.99783	1.00122	-0.369753	0.730949	0.0006	5
4.054	0.997829	1.00122	-0.367077	0.730937	0.0006	5
4.055	0.997829	1.00122	-0.364401	0.730924	0.0006	5
4.056	0.997828	1.00122	-0.361725	0.730912	0.0006	5
4.057	0.997828	1.00122	-0.35905	0.7309	0.0006	5
4.058	0.997827	1.00122	-0.356374	0.730888	0.0006	5
4.059	0.997827	1.00122	-0.353698	0.730876	0.0006	5
4.06	0.997826	1.00122	-0.351023	0.730864	0.0006	5
4.061	0.997826	1.00122	-0.348347	0.730852	0.0006	5
4.062	0.997825	1.00122	-0.345671	0.73084	0.0006	5
4.063	0.997824	1.00122	-0.342996	0.730828	0.0006	5
4.064	0.997824	1.00122	-0.34032	0.730815	0.0006	5
4.065	0.997823	1.00122	-0.337645	0.730803	0.0006	5
4.066	0.997823	1.00122	-0.334969	0.730791	0.0006	5
4.067	0.997822	1.00123	-0.332294	0.730779	0.0006	5
4.068	0.997822	1.00123	-0.329618	0.730767	0.0006	5
4.069	0.997821	1.00123	-0.326943	0.730755	0.0006	5
4.07	0.997821	1.00123	-0.324267	0.730743	0.0006	5
4.071	0.99782	1.00123	-0.321592	0.730731	0.0006	5
4.072	0.99782	1.00123	-0.318916	0.730718	0.0006	5
4.073	0.997819	1.00123	-0.316241	0.730706	0.0006	5
4.074	0.997819	1.00123	-0.313566	0.730694	0.0006	5
4.075	0.997818	1.00123	-0.31089	0.730682	0.0006	5
4.076	0.997818	1.00123	-0.308215	0.73067	0.0006	5
4.077	0.997817	1.00123	-0.30554	0.730658	0.0006	5
4.078	0.997816	1.00123	-0.302865	0.730646	0.0006	5
4.079	0.997816	1.00123	-0.300189	0.730634	0.0006	5
4.08	0.997815	1.00123	-0.297514	0.730622	0.0006	5
4.081	0.997815	1.00123	-0.294839	0.730609	0.0006	5
4.082	0.997814	1.00123	-0.292164	0.730597	0.0006	5
4.083	0.997814	1.00123	-0.289489	0.730585	0.0006	5
4.084	0.997813	1.00123	-0.286814	0.730573	0.0006	5
4.085	0.997813	1.00123	-0.284139	0.730561	0.0006	5
4.086	0.997812	1.00123	-0.281463	0.730549	0.0006	5
4.087	0.997812	1.00123	-0.278788	0.730537	0.0006	5
4.088	0.997811	1.00123	-0.276113	0.730525	0.0006	5
4.089	0.997811	1.00123	-0.273438	0.730512	0.0006	5
4.09	0.99781	1.00123	-0.270763	0.7305	0.0006	5
4.091	0.997809	1.00123	-0.268089	0.730488	0.0006	5
4.092	0.997809	1.00123	-0.265414	0.730476	0.0006	5
4.093	0.997808	1.00123	-0.262739	0.730464	0.0006	5
4.094	0.997808	1.00123	-0.260064	0.730452	0.0006	5
4.095	0.997807	1.00123	-0.257389	0.73044	0.0006	5
4.096	0.997807	1.00123	-0.254714	0.730428	0.0006	5
4.097	0.997806	1.00123	-0.252039	0.730415	0.0006	5
4.098	0.997806	1.00123	-0.249365	0.730403	0.0006	5
4.099	0.997805	1.00123	-0.24669	0.730391	0.0006	5
4.1	0.997805	1.00124	-0.244015	0.730379	0.0006	5
4.101	0.997804	1.00124	-0.24134	0.730367	0.0006	5
4.102	0.997804	1.00124	-0.238666	0.730355	0.0006	5
4.103	0.997803	1.00124	-0.235991	0.730343	0.0006	5
4.104	0.997803	1.00124	-0.233316	0.730331	0.0006	5
4.105	0.997802	1.00124	-0.230642	0.730318	0.0006	5
4.106	0.997801	1.00124	-0.227967	0.730306	0.0006	5
4.107	0.997801	1.00124	-0.225293	0.730294	0.0006	5
4.108	0.9978	1.00124	-0.222618	0.730282	0.0006	5
4.109	0.9978	1.00124	-0.219943	0.73027	0.0006	5
4.11	0.997799	1.00124	-0.217269	0.730258	0.0006	5
4.111	0.997799	1.00124	-0.214595	0.730246	0.0006	5
4.112	0.997798	1.00124	-0.21192	0.730234	0.0006	5
4.113	0.997798	1.00124	-0.209246	0.730221	0.0006	5
4.114	0.997797	1.00124	-0.206571	0.730209	0.0006	5
4.115	0.997797	1.00124	-0.203897	0.730197	0.0006	5
4.116	0.997796	1.00124	-0.201222	0.730185	0.0006	5
4.117	0.997796	1.00124	-0.198548	0.730173	0.0006	5
4.118	0.997795	1.00124	-0.195874	0.730161	0.0006	5
4.119	0.997795	1.00124	-0.1932	0.730149	0.0006	5
4.12	0.997794	1.00124	-0.190525	0.730137	0.0006	5
4.121	0.997793	1.00124	-0.187851	0.730124	0.0006	5
4.122	0.997793	1.00124	-0.185177	0.730112	0.0006	5
4.123	0.997792	1.00124	-0.182503	0.7301	0.0006	5
4.124	0.997792	1.00124	-0.179828	0.730088	0.0006	5
4.125	0.997791	1.00124	-0.177154	0.730076	0.0006	5
4.126	0.997791	1.00124	-0.17448	0.730064	0.0006	5
4.127	0.99779	1.00124	-0.171806	0.730052	0.0006	5
4.128	0.99779	1.00124	-0.169132	0.730039	0.0006	5
4.129	0.997789	1.00124	-0.166458	0.730027	0.0006	5
4.13	0.997789	1.00124	-0.163784	0.730015	0.0006	5
4.131	0.997788	1.00124	-0.16111	0.730003	0.0006	5
4.132	0.997788	1.00124	-0.158436	0.729991	0.0006	5
4.133	0.997787	1.00125	-0.155762	0.729979	0.0006	5
4.134	0.997786	1.00125	-0.153088	0.729967	0.0006	5
4.135	0.997786	1.00125	-0.150414	0.729954	0.0006	5
4.136	0.997785	1.00125	-0.14774	0.729942	0.0006	5
4.137	0.997785	1.00125	-0.145066	0.72993	0.0006	5
4.138	0.997784	1.00125	-0.142392	0.729918	0.0006	5
4.139	0.997784	1.00125	-0.139719	0.729906	0.0006	5
4.14	0.997783	1.00125	-0.137045	0.729894	0.0006	5
4.141	0.997783	1.00125	-0.134371	0.729882	0.0006	5
4.142	0.997782	1.00125	-0.131697	0.72987	0.0006	5
4.143	0.997782	1.00125	-0.129023	0.729857	0.0006	5
4.144	0.997781	1.00125	-0.12635	0.729845	0.0006	5
4.145	0.997781	1.00125	-0.123676	0.729833	0.0006	5
4.146	0.99778	1.00125	-0.121002	0.729821	0.0006	5
4.147	0.99778	1.00125	-0.118329	0.729809	0.0006	5
4.148	0.997779	1.00125	-0.115655	0.729797	0.0006	5
4.149	0.997778	1.00125	-0.112982	0.729785	0.0006	5
4.15	0.997778	1.00125	-0.110308	0.729772	0.0006	5
4.151	0.997777	1.00125	-0.107634	0.72976	0.0006	5
4.152	0.997777	1.00125	-0.104961	0.729748	0.0006	5
4.153	0.997776	1.00125	-0.102287	0.729736	0.0006	5
4.154	0.997776	1.00125	-0.0996139	0.729724	0.0006	5
4.155	0.997775	1.00125	-0.0969404	0.729712	0.0006	5
4.156	0.997775	1.00125	-0.094267	0.7297	0.0006	5
4.157	0.997774	1.00125	-0.0915936	0.729687	0.0006	5
4.158	0.997774	1.00125	-0.0889202	0.729675	0.0006	5
4.159	0.997773	1.00125	-0.0862468	0.729663	0.0006	5
4.16	0.997773	1.00125	-0.0835735	0.729651	0.0006	5
4.161	0.997772	1.00125	-0.0809002	0.729639	0.0006	5
4.162	0.997771	1.00125	-0.0782269	0.729627	0.0006	5
4.163	0.997771	1.00125	-0.0755536	0.729615	0.0006	5
4.164	0.99777	1.00125	-0.0728803	0.729602	0.0006	5
4.165	0.99777	1.00125	-0.0702071	0.72959	0.0006	5
4.166	0.997769	1.00126	-0.0675339	0.729578	0.0006	5
4.167	0.997769	1.00126	-0.0648607	0.729566	0.0006	5
4.168	0.997768	1.00126	-0.0621876	0.729554	0.0006	5
4.169	0.997768	1.00126	-0.0595145	0.729542	0.0006	5
4.17	0.997767	1.00126	-0.0568413	0.72953	0.0006	5
4.171	0.997767	1.00126	-0.0541683	0.729517	0.0006	5
4.172	0.997766	1.00126	-0.0514952	0.729505	0.0006	5
4.173	0.997766	1.00126	-0.0488222	0.729493	0.0006	5
4.174	0.997765	1.00126	-0.0461491	0.729481	0.0006	5
4.175	0.997765	1.00126	-0.0434761	0.729469	0.0006	5
4.176	0.997764	1.00126	-0.0408032	0.729457	0.0006	5
4.177	0.997763	1.00126	-0.0381302	0.729444	0.0006	5
4.178	0.997763	1.00126	-0.0354573	0.729432	0.0006	5
4.179	0.997762	1.00126	-0.0327844	0.72942	0.0006	5
4.18	0.997762	1.00126	-0.0301115	0.729408	0.0006	5
4.181	0.997761	1.00126	-0.0274387	0.729396	0.0006	5
4.182	0.997761	1.00126	-0.0247658	0.729384	0.0006	5
4.183	0.99776	1.00126	-0.022093	0.729372	0.0006	5
4.184	0.99776	1.00126	-0.0194203	0.729359	0.0006	5
4.185	0.997759	1.00126	-0.0167475	0.729347	0.0006	5
4.186	0.997759	1.00126	-0.0140748	0.729335	0.0006	5
4.187	0.997758	1.00126	-0.011402	0.729323	0.0006	5
4.188	0.997758	1.00126	-0.00872935	0.729311	0.0006	5
4.189	0.997757	1.00126	-0.00605669	0.729299	0.0006	5
4.19	0.997756	1.00126	-0.00338404	0.729286	0.0006	5
4.191	0.997756	1.00126	-0.000711421	0.729274	0.0006	5
4.192	0.997755	1.00126	0.00196118	0.729262	0.0006	5
4.193	0.997755	1.00126	0.00463375	0.72925	0.0006	5
4.194	0.997754	1.00126	0.0073063	0.729238	0.0006	5
4.195	0.997754	1.00126	0.00997883	0.729226	0.0006	5
4.196	0.997753	1.00126	0.0126513	0.729214	0.0006	5
4.197	0.997753	1.00126	0.0153238	0.729201	0.0006	5
4.198	0.997752	1.00127	0.0179963	0.729189	0.0006	5
4.199	0.997752	1.00127	0.0206687	0.729177	0.0006	5
4.2	0.997751	1.00127	0.0233411	0.729165	0.0006	5
4.201	0.997751	1.00127	0.0260135	0.729153	0.0006	5
4.202	0.99775	1.00127	0.0286859	0.729141	0.0006	5
4.203	0.99775	1.00127	0.0313582	0.729128	0.0006	5
4.204	0.997749	1.00127	0.0340305	0.729116	0.0006	5
4.205	0.997748	1.00127	0.0367028	0.729104	0.0006	5
4.206	0.997748	1.00127	0.0393751	0.729092	0.0006	5
4.207	0.997747	1.00127	0.0420474	0.72908	0.0006	5
4.208	0.997747	1.00127	0.0447196	0.729068	0.0006	5
4.209	0.997746	1.00127	0.0473918	0.729056	0.0006	5
4.21	0.997746	1.00127	0.050064	0.729043	0.0006	5
4.211	0.997745	1.00127	0.0527361	0.729031	0.0006	5
4.212	0.997745	1.00127	0.0554083	0.729019	0.0006	5
4.213	0.997744	1.00127	0.0580804	0.729007	0.0006	5
4.214	0.997744	1.00127	0.0607525	0.728995	0.0006	5
4.215	0.997743	1.00127	0.0634245	0.728983	0.0006	5
4.216	0.997743	1.00127	0.0660966	0.72897	0.0006	5
4.217	0.997742	1.00127	0.0687686	0.728958	0.0006	5
4.218	0.997742	1.00127	0.0714406	0.728946	0.0006	5
4.219	0.997741	1.00127	0.0741125	0.728934	0.0006	5
4.22	0.99774	1.00127	0.0767845	0.728922	0.0006	5
4.221	0.99774	1.00127	0.0794564	0.72891	0.0006	5
4.222	0.997739	1.00127	0.0821283	0.728897	0.0006	5
4.223	0.997739	1.00127	0.0848002	0.728885	0.0006	5
4.224	0.997738	1.00127	0.087472	0.728873	0.0006	5
4.225	0.997738	1.00127	0.0901439	0.728861	0.0006	5
4.226	0.997737	1.00127	0.0928157	0.728849	0.0006	5
4.227	0.997737	1.00127	0.0954875	0.728837	0.0006	5
4.228	0.997736	1.00127	0.0981592	0.728824	0.0006	5
4.229	0.997736	1.00127	0.100831	0.728812	0.0006	5
4.23	0.997735	1.00127	0.103503	0.7288	0.0006	5
4.231	0.997735	1.00128	0.106174	0.728788	0.0006	5
4.232	0.997734	1.00128	0.108846	0.728776	0.0006	5
4.233	0.997733	1.00128	0.111518	0.728764	0.0006	5
4.234	0.997733	1.00128	0.114189	0.728751	0.0006	5
4.235	0.997732	1.00128	0.116861	0.728739	0.0006	5
4.236	0.997732	1.00128	0.119532	0.728727	0.0006	5
4.237	0.997731	1.00128	0.122204	0.728715	0.0006	5
4.238	0.997731	1.00128	0.124876	0.728703	0.0006	5
4.239	0.99773	1.00128	0.127547	0.728691	0.0006	5
4.24	0.99773	1.00128	0.130219	0.728678	0.0006	5
4.241	0.997729	1.00128	0.13289	0.728666	0.0006	5
4.242	0.997729	1.00128	0.135561	0.728654	0.0006	5
4.243	0.997728	1.00128	0.138233	0.728642	0.0006	5
4.244	0.997728	1.00128	0.140904	0.72863	0.0006	5
4.245	0.997727	1.00128	0.143576	0.728618	0.0006	5
4.246	0.997727	1.00128	0.146247	0.728605	0.0006	5
4.247	0.997726	1.00128	0.148918	0.728593	0.0006	5
4.248	0.997725	1.00128	0.15159	0.728581	0.0006	5
4.249	0.997725	1.00128	0.154261	0.728569	0.0006	5
4.25	0.997724	1.00128	0.156932	0.728557	0.0006	5
4.251	0.997724	1.00128	0.159603	0.728545	0.0006	5
4.252	0.997723	1.00128	0.162275	0.728532	0.0006	5
4.253	0.997723	1.00128	0.164946	0.72852	0.0006	5
4.254	0.997722	1.00128	0.167617	0.728508	0.0006	5
4.255	0.997722	1.00128	0.170288	0.728496	0.0006	5
4.256	0.997721	1.00128	0.172959	0.728484	0.0006	5
4.257	0.997721	1.00128	0.17563	0.728471	0.0006	5
4.258	0.99772	1.00128	0.178301	0.728459	0.0006	5
4.259	0.99772	1.00128	0.180972	0.728447	0.0006	5
4.26	0.997719	1.00128	0.183643	0.728435	0.0006	5
4.261	0.997718	1.00128	0.186314	0.728423	0.0006	5
4.262	0.997718	1.00128	0.188985	0.728411	0.0006	5
4.263	0.997717	1.00129	0.191656	0.728398	0.0006	5
4.264	0.997717	1.00129	0.194327	0.728386	0.0006	5
4.265	0.997716	1.00129	0.196998	0.728374	0.0006	5
4.266	0.997716	1.00129	0.199669	0.728362	0.0006	5
4.267	0.997715	1.00129	0.20234	0.72835	0.0006	5
4.268	0.997715	1.00129	0.205011	0.728338	0.0006	5
4.269	0.997714	1.00129	0.207681	0.728325	0.0006	5
4.27	0.997714	1.00129	0.210352	0.728313	0.0006	5
4.271	0.997713	1.00129	0.213023	0.728301	0.0006	5
4.272	0.997713	1.00129	0.215694	0.728289	0.0006	5
4.273	0.997712	1.00129	0.218364	0.728277	0.0006	5
4.274	0.997712	1.00129	0.221035	0.728264	0.0006	5
4.275	0.997711	1.00129	0.223706	0.728252	0.0006	5
4.276	0.99771	1.00129	0.226376	0.72824	0.0006	5
4.277	0.99771	1.00129	0.229047	0.728228	0.0006	5
4.278	0.997709	1.00129	0.231718	0.728216	0.0006	5
4.279	0.997709	1.00129	0.234388	0.728204	0.0006	5
4.28	0.997708	1.00129	0.237059	0.728191	0.0006	5
4.281	0.997708	1.00129	0.239729	0.728179	0.0006	5
4.282	0.997707	1.00129	0.2424	0.728167	0.0006	5
4.283	0.997707	1.00129	0.24507	0.728155	0.0006	5
4.284	0.997706	1.00129	0.247741	0.728143	0.0006	5
4.285	0.997706	1.00129	0.250411	0.72813	0.0006	5
4.286	0.997705	1.00129	0.253082	0.728118	0.0006	5
4.287	0.997705	1.00129	0.255752	0.728106	0.0006	5
4.288	0.997704	1.00129	0.258422	0.728094	0.0006	5
4.289	0.997703	1.00129	0.261093	0.728082	0.0006	5
4.29	0.997703	1.00129	0.263763	0.728069	0.0006	5
4.291	0.997702	1.00129	0.266433	0.728057	0.0006	5
4.292	0.997702	1.00129	0.269104	0.728045	0.0006	5
4.293	0.997701	1.00129	0.271774	0.728033	0.0006	5
4.294	0.997701	1.00129	0.274444	0.728021	0.0006	5
4.295	0.9977	1.00129	0.277114	0.728009	0.0006	5
4.296	0.9977	1.0013	0.279785	0.727996	0.0006	5
4.297	0.997699	1.0013	0.282455	0.727984	0.0006	5
4.298	0.997699	1.0013	0.285125	0.727972	0.0006	5
4.299	0.997698	1.0013	0.287795	0.72796	0.0006	5
4.3	0.997698	1.0013	0.290465	0.727948	0.0006	5
4.301	0.997697	1.0013	0.293135	0.727935	0.0006	5
4.302	0.997697	1.0013	0.295805	0.727923	0.0006	5
4.303	0.997696	1.0013	0.298475	0.727911	0.0006	5
4.304	0.997695	1.0013	0.301145	0.727899	0.0006	5
4.305	0.997695	1.0013	0.303815	0.727887	0.0006	5
4.306	0.997694	1.0013	0.306485	0.727874	0.0006	5
4.307	0.997694	1.0013	0.309155	0.727862	0.0006	5
4.308	0.997693	1.0013	0.311825	0.72785	0.0006	5
4.309	0.997693	1.0013	0.314495	0.727838	0.0006	5
4.31	0.997692	1.0013	0.317165	0.727826	0.0006	5
4.311	0.997692	1.0013	0.319834	0.727814	0.0006	5
4.312	0.997691	1.0013	0.322504	0.727801	0.0006	5
4.313	0.997691	1.0013	0.325174	0.727789	0.0006	5
4.314	0.99769	1.0013	0.327844	0.727777	0.0006	5
4.315	0.99769	1.0013	0.330514	0.727765	0.0006	5
4.316	0.997689	1.0013	0.333183	0.727753	0.0006	5
4.317	0.997688	1.0013	0.335853	0.72774	0.0006	5
4.318	0.997688	1.0013	0.338523	0.727728	0.0006	5
4.319	0.997687	1.0013	0.341192	0.727716	0.0006	5
4.32	0.997687	1.0013	0.343862	0.727704	0.0006	5
4.321	0.997686	1.0013	0.346532	0.727692	0.0006	5
4.322	0.997686	1.0013	0.349201	0.727679	0.0006	5
4.323	0.997685	1.0013	0.351871	0.727667	0.0006	5
4.324	0.997685	1.0013	0.35454	0.727655	0.0006	5
4.325	0.997684	1.0013	0.35721	0.727643	0.0006	5
4.326	0.997684	1.0013	0.359879	0.727631	0.0006	5
4.327	0.997683	1.0013	0.362549	0.727618	0.0006	5
4.328	0.997683	1.00131	0.365218	0.727606	0.0006	5
4.329	0.997682	1.00131	0.367887	0.727594	0.0006	5
4.33	0.997682	1.00131	0.370557	0.727582	0.0006	5
4.331	0.997681	1.00131	0.373226	0.72757	0.0006	5
4.332	0.99768	1.00131	0.375896	0.727557	0.0006	5
4.333	0.99768	1.00131	0.378565	0.727545	0.0006	5
4.334	0.997679	1.00131	0.381234	0.727533	0.0006	5
4.335	0.997679	1.00131	0.383903	0.727521	0.0006	5
4.336	0.997678	1.00131	0.386573	0.727509	0.0006	5
4.337	0.997678	1.00131	0.389242	0.727496	0.0006	5
4.338	0.997677	1.00131	0.391911	0.727484	0.0006	5
4.339	0.997677	1.00131	0.39458	0.727472	0.0006	5
4.34	0.997676	1.00131	0.39725	0.72746	0.0006	5
4.341	0.997676	1.00131	0.399919	0.727448	0.0006	5
4.342	0.997675	1.00131	0.402588	0.727435	0.0006	5
4.343	0.997675	1.00131	0.405257	0.727423	0.0006	5
4.344	0.997674	1.00131	0.407926	0.727411	0.0006	5
4.345	0.997674	1.00131	0.410595	0.727399	0.0006	5
4.346	0.997673	1.00131	0.413264	0.727387	0.0006	5
4.347	0.997672	1.00131	0.415933	0.727374	0.0006	5
4.348	0.997672	1.00131	0.418602	0.727362	0.0006	5
4.349	0.997671	1.00131	0.421271	0.72735	0.0006	5
4.35	0.997671	1.00131	0.42394	0.727338	0.0006	5
4.351	0.99767	1.00131	0.426609	0.727326	0.0006	5
4.352	0.99767	1.00131	0.429278	0.727313	0.0006	5
4.353	0.997669	1.00131	0.431946	0.727301	0.0006	5
4.354	0.997669	1.00131	0.434615	0.727289	0.0006	5
4.355	0.997668	1.00131	0.437284	0.727277	0.0006	5
4.356	0.997668	1.00131	0.439953	0.727265	0.0006	5
4.357	0.997667	1.00131	0.442622	0.727252	0.0006	5
4.358	0.997667	1.00131	0.44529	0.72724	0.0006	5
4.359	0.997666	1.00131	0.447959	0.727228	0.0006	5
4.36	0.997665	1.00131	0.450628	0.727216	0.0006	5
4.361	0.997665	1.00132	0.453296	0.727204	0.0006	5
4.362	0.997664	1.00132	0.455965	0.727191	0.0006	5
4.363	0.997664	1.00132	0.458634	0.727179	0.0006	5
4.364	0.997663	1.00132	0.461302	0.727167	0.0006	5
4.365	0.997663	1.00132	0.463971	0.727155	0.0006	5
4.366	0.997662	1.00132	0.46664	0.727142	0.0006	5
4.367	0.997662	1.00132	0.469308	0.72713	0.0006	5
4.368	0.997661	1.00132	0.471977	0.727118	0.0006	5
4.369	0.997661	1.00132	0.474645	0.727106	0.0006	5
4.37	0.99766	1.00132	0.477313	0.727094	0.0006	5
4.371	0.99766	1.00132	0.479982	0.727081	0.0006	5
4.372	0.997659	1.00132	0.48265	0.727069	0.0006	5
4.373	0.997659	1.00132	0.485319	0.727057	0.0006	5
4.374	0.997658	1.00132	0.487987	0.727045	0.0006	5
4.375	0.997657	1.00132	0.490655	0.727033	0.0006	5
4.376	0.997657	1.00132	0.493324	0.72702	0.0006	5
4.377	0.997656	1.00132	0.495992	0.727008	0.0006	5
4.378	0.997656	1.00132	0.49866	0.726996	0.0006	5
4.379	0.997655	1.00132	0.501329	0.726984	0.0006	5
4.38	0.997655	1.00132	0.503997	0.726971	0.0006	5
4.381	0.997654	1.00132	0.506665	0.726959	0.0006	5
4.382	0.997654	1.00132	0.509333	0.726947	0.0006	5
4.383	0.997653	1.00132	0.512001	0.726935	0.0006	5
4.384	0.997653	1.00132	0.51467	0.726923	0.0006	5
4.385	0.997652	1.00132	0.517338	0.72691	0.0006	5
4.386	0.997652	1.00132	0.520006	0.726898	0.0006	5
4.387	0.997651	1.00132	0.522674	0.726886	0.0006	5
4.388	0.99765	1.00132	0.525342	0.726874	0.0006	5
4.389	0.99765	1.00132	0.52801	0.726862	0.0006	5
4.39	0.997649	1.00132	0.530678	0.726849	0.0006	5
4.391	0.997649	1.00132	0.533346	0.726837	0.0006	5
4.392	0.997648	1.00132	0.536014	0.726825	0.0006	5
4.393	0.997648	1.00133	0.538682	0.726813	0.0006	5
4.394	0.997647	1.00133	0.54135	0.7268	0.0006	5
4.395	0.997647	1.00133	0.544017	0.726788	0.0006	5
4.396	0.997646	1.00133	0.546685	0.726776	0.0006	5
4.397	0.997646	1.00133	0.549353	0.726764	0.0006	5
4.398	0.997645	1.00133	0.552021	0.726752	0.0006	5
4.399	0.997645	1.00133	0.554689	0.726739	0.0006	5
4.4	0.997644	1.00133	0.557357	0.726727	0.0006	5
4.401	0.997644	1.00133	0.560024	0.726715	0.0006	5
4.402	0.997643	1.00133	0.562692	0.726703	0.0006	5
4.403	0.997642	1.00133	0.56536	0.72669	0.0006	5
4.404	0.997642	1.00133	0.568027	0.726678	0.0006	5
4.405	0.997641	1.00133	0.570695	0.726666	0.0006	5
4.406	0.997641	1.00133	0.573363	0.726654	0.0006	5
4.407	0.99764	1.00133	0.57603	0.726642	0.0006	5
4.408	0.99764	1.00133	0.578698	0.726629	0.0006	5
4.409	0.997639	1.00133	0.581365	0.726617	0.0006	5
4.41	0.997639	1.00133	0.584033	0.726605	0.0006	5
4.411	0.997638	1.00133	0.5867	0.726593	0.0006	5
4.412	0.997638	1.00133	0.589368	0.72658	0.0006	5
4.413	0.997637	1.00133	0.592035	0.726568	0.0006	5
4.414	0.997637	1.00133	0.594703	0.726556	0.0006	5
4.415	0.997636	1.00133	0.59737	0.726544	0.0006	5
4.416	0.997635	1.00133	0.600038	0.726532	0.0006	5
4.417	0.997635	1.00133	0.602705	0.726519	0.0006	5
4.418	0.997634	1.00133	0.605372	0.726507	0.0006	5
4.419	0.997634	1.00133	0.60804	0.726495	0.0006	5
4.42	0.997633	1.00133	0.610707	0.726483	0.0006	5
4.421	0.997633	1.00133	0.613374	0.72647	0.0006	5
4.422	0.997632	1.00133	0.616041	0.726458	0.0006	5
4.423	0.997632	1.00133	0.618709	0.726446	0.0006	5
4.424	0.997631	1.00133	0.621376	0.726434	0.0006	5
4.425	0.997631	1.00134	0.624043	0.726422	0.0006	5
4.426	0.99763	1.00134	0.62671	0.726409	0.0006	5
4.427	0.99763	1.00134	0.629377	0.726397	0.0006	5
4.428	0.997629	1.00134	0.632045	0.726385	0.0006	5
4.429	0.997629	1.00134	0.634712	0.726373	0.0006	5
4.43	0.997628	1.00134	0.637379	0.72636	0.0006	5
4.431	0.997627	1.00134	0.640046	0.726348	0.0006	5
4.432	0.997627	1.00134	0.642713	0.726336	0.0006	5
4.433	0.997626	1.00134	0.64538	0.726324	0.0006	5
4.434	0.997626	1.00134	0.648047	0.726311	0.0006	5
4.435	0.997625	1.00134	0.650714	0.726299	0.0006	5
4.436	0.997625	1.00134	0.653381	0.726287	0.0006	5
4.437	0.997624	1.00134	0.656047	0.726275	0.0006	5
4.438	0.997624	1.00134	0.658714	0.726263	0.0006	5
4.439	0.997623	1.00134	0.661381	0.72625	0.0006	5
4.44	0.997623	1.00134	0.664048	0.726238	0.0006	5
4.441	0.997622	1.00134	0.666715	0.726226	0.0006	5
4.442	0.997622	1.00134	0.669382	0.726214	0.0006	5
4.443	0.997621	1.00134	0.672048	0.726201	0.0006	5
4.444	0.997621	1.00134	0.674715	0.726189	0.0006	5
4.445	0.99762	1.00134	0.677382	0.726177	0.0006	5
4.446	0.997619	1.00134	0.680049	0.726165	0.0006	5
4.447	0.997619	1.00134	0.682715	0.726152	0.0006	5
4.448	0.997618	1.00134	0.685382	0.72614	0.0006	5
4.449	0.997618	1.00134	0.688049	0.726128	0.0006	5
4.45	0.997617	1.00134	0.690715	0.726116	0.0006	5
4.451	0.997617	1.00134	0.693382	0.726103	0.0006	5
4.452	0.997616	1.00134	0.696048	0.726091	0.0006	5
4.453	0.997616	1.00134	0.698715	0.726079	0.0006	5
4.454	0.997615	1.00134	0.701381	0.726067	0.0006	5
4.455	0.997615	1.00134	0.704048	0.726055	0.0006	5
4.456	0.997614	1.00134	0.706714	0.726042	0.0006	5
4.457	0.997614	1.00134	0.709381	0.72603	0.0006	5
4.458	0.997613	1.00135	0.712047	0.726018	0.0006	5
4.459	0.997612	1.00135	0.714714	0.726006	0.0006	5
4.46	0.997612	1.00135	0.71738	0.725993	0.0006	5
4.461	0.997611	1.00135	0.720046	0.725981	0.0006	5
4.462	0.997611	1.00135	0.722713	0.725969	0.0006	5
4.463	0.99761	1.00135	0.725379	0.725957	0.0006	5
4.464	0.99761	1.00135	0.728045	0.725944	0.0006	5
4.465	0.997609	1.00135	0.730711	0.725932	0.0006	5
4.466	0.997609	1.00135	0.733378	0.72592	0.0006	5
4.467	0.997608	1.00135	0.736044	0.725908	0.0006	5
4.468	0.997608	1.00135	0.73871	0.725895	0.0006	5
4.469	0.997607	1.00135	0.741376	0.725883	0.0006	5
4.47	0.997607	1.00135	0.744042	0.725871	0.0006	5
4.471	0.997606	1.00135	0.746708	0.725859	0.0006	5
4.472	0.997606	1.00135	0.749374	0.725846	0.0006	5
4.473	0.997605	1.00135	0.752041	0.725834	0.0006	5
4.474	0.997604	1.00135	0.754707	0.725822	0.0006	5
4.475	0.997604	1.00135	0.757373	0.72581	0.0006	5
4.476	0.997603	1.00135	0.760039	0.725797	0.0006	5
4.477	0.997603	1.00135	0.762705	0.725785	0.0006	5
4.478	0.997602	1.00135	0.765371	0.725773	0.0006	5
4.479	0.997602	1.00135	0.768036	0.725761	0.0006	5
4.48	0.997601	1.00135	0.770702	0.725748	0.0006	5
4.481	0.997601	1.00135	0.773368	0.725736	0.0006	5
4.482	0.9976	1.00135	0.776034	0.725724	0.0006	5
4.483	0.9976	1.00135	0.7787	0.725712	0.0006	5
4.484	0.997599	1.00135	0.781366	0.725699	0.0006	5
4.485	0.997599	1.00135	0.784032	0.725687	0.0006	5
4.486	0.997598	1.00135	0.786697	0.725675	0.0006	5
4.487	0.997597	1.00135	0.789363	0.725663	0.0006	5
4.488	0.997597	1.00135	0.792029	0.725651	0.0006	5
4.489	0.997596	1.00135	0.794694	0.725638	0.0006	5
4.49	0.997596	1.00136	0.79736	0.725626	0.0006	5
4.491	0.997595	1.00136	0.800026	0.725614	0.0006	5
4.492	0.997595	1.00136	0.802691	0.725602	0.0006	5
4.493	0.997594	1.00136	0.805357	0.725589	0.0006	5
4.494	0.997594	1.00136	0.808023	0.725577	0.0006	5
4.495	0.997593	1.00136	0.810688	0.725565	0.0006	5
4.496	0.997593	1.00136	0.813354	0.725553	0.0006	5
4.497	0.997592	1.00136	0.816019	0.72554	0.0006	5
4.498	0.997592	1.00136	0.818685	0.725528	0.0006	5
4.499	0.997591	1.00136	0.82135	0.725516	0.0006	5
4.5	0.997591	1.00136	0.824016	0.725504	0.0006	5
4.501	0.99759	1.00136	0.823845	0.72544	0.0001	5
4.502	0.997589	1.00136	0.823108	0.725367	0.0001	5
4.503	0.997589	1.00136	0.822371	0.725293	0.0001	5
4.504	0.997588	1.00136	0.821634	0.72522	0.0001	5
4.505	0.997588	1.00136	0.820898	0.725146	0.0001	5
4.506	0.997587	1.00136	0.820163	0.725073	0.0001	5
4.507	0.997587	1.00136	0.819428	0.724999	0.0001	5
4.508	0.997586	1.00136	0.818693	0.724926	0.0001	5
4.509	0.997586	1.00136	0.817959	0.724852	0.0001	5
4.51	0.997585	1.00136	0.817225	0.724779	0.0001	5
4.511	0.997585	1.00136	0.816492	0.724706	0.0001	5
4.512	0.997584	1.00136	0.815759	0.724632	0.0001	5
4.513	0.997584	1.00136	0.815027	0.724559	0.0001	5
4.514	0.997583	1.00136	0.814295	0.724485	0.0001	5
4.515	0.997582	1.00136	0.813564	0.724412	0.0001	5
4.516	0.997582	1.00136	0.812833	0.724339	0.0001	5
4.517	0.997581	1.00136	0.812103	0.724265	0.0001	5
4.518	0.997581	1.00136	0.811373	0.724192	0.0001	5
4.519	0.99758	1.00136	0.810643	0.724118	0.0001	5
4.52	0.99758	1.00136	0.809914	0.724045	0.0001	5
4.521	0.997579	1.00136	0.809186	0.723972	0.0001	5
4.522	0.997579	1.00137	0.808458	0.723898	0.0001	5
4.523	0.997578	1.00137	0.80773	0.723825	0.0001	5
4.524	0.997578	1.00137	0.807003	0.723752	0.0001	5
4.525	0.997577	1.00137	0.806276	0.723678	0.0001	5
4.526	0.997577	1.00137	0.80555	0.723605	0.0001	5
4.527	0.997576	1.00137	0.804824	0.723532	0.0001	5
4.528	0.997576	1.00137	0.804099	0.723459	0.0001	5
4.529	0.997575	1.00137	0.803374	0.723385	0.0001	5
4.53	0.997574	1.00137	0.802649	0.723312	0.0001	5
4.531	0.997574	1.00137	0.801925	0.723239	0.0001	5
4.532	0.997573	1.00137	0.801202	0.723165	0.0001	5
4.533	0.997573	1.00137	0.800479	0.723092	0.0001	5
4.534	0.997572	1.00137	0.799756	0.723019	0.0001	5
4.535	0.997572	1.00137	0.799034	0.722946	0.0001	5
4.536	0.997571	1.00137	0.798312	0.722873	0.0001	5
4.537	0.997571	1.00137	0.797591	0.722799	0.0001	5
4.538	0.99757	1.00137	0.79687	0.722726	0.0001	5
4.539	0.99757	1.00137	0.79615	0.722653	0.0001	5
4.54	0.997569	1.00137	0.79543	0.72258	0.0001	5
4.541	0.997569	1.00137	0.794711	0.722507	0.0001	5
4.542	0.997568	1.00137	0.793992	0.722433	0.0001	5
4.543	0.997568	1.00137	0.793274	0.72236	0.0001	5
4.544	0.997567	1.00137	0.792556	0.722287	0.0001	5
4.545	0.997566	1.00137	0.791838	0.722214	0.0001	5
4.546	0.997566	1.00137	0.791121	0.722141	0.0001	5
4.547	0.997565	1.00137	0.790404	0.722068	0.0001	5
4.548	0.997565	1.00137	0.789688	0.721995	0.0001	5
4.549	0.997564	1.00137	0.788973	0.721921	0.0001	5
4.55	0.997564	1.00137	0.788257	0.721848	0.0001	5
4.551	0.997563	1.00137	0.787543	0.721775	0.0001	5
4.552	0.997563	1.00137	0.786828	0.721702	0.0001	5
4.553	0.997562	1.00137	0.786115	0.721629	0.0001	5
4.554	0.997562	1.00138	0.785401	0.721556	0.0001	5
4.555	0.997561	1.00138	0.784688	0.721483	0.0001	5
4.556	0.997561	1.00138	0.783976	0.72141	0.0001	5
4.557	0.99756	1.00138	0.783264	0.721337	0.0001	5
4.558	0.997559	1.00138	0.782552	0.721264	0.0001	5
4.559	0.997559	1.00138	0.781841	0.721191	0.0001	5
4.56	0.997558	1.00138	0.78113	0.721118	0.0001	5
4.561	0.997558	1.00138	0.78042	0.721045	0.0001	5
4.562	0.997557	1.00138	0.779711	0.720972	0.0001	5
4.563	0.997557	1.00138	0.779001	0.720899	0.0001	5
4.564	0.997556	1.00138	0.778292	0.720826	0.0001	5
4.565	0.997556	1.00138	0.777584	0.720753	0.0001	5
4.566	0.997555	1.00138	0.776876	0.72068	0.0001	5
4.567	0.997555	1.00138	0.776169	0.720607	0.0001	5
4.568	0.997554	1.00138	0.775462	0.720534	0.0001	5
4.569	0.997554	1.00138	0.774755	0.720461	0.0001	5
4.57	0.997553	1.00138	0.774049	0.720388	0.0001	5
4.571	0.997553	1.00138	0.773344	0.720315	0.0001	5
4.572	0.997552	1.00138	0.772638	0.720242	0.0001	5
4.573	0.997551	1.00138	0.771934	0.720169	0.0001	5
4.574	0.997551	1.00138	0.77123	0.720096	0.0001	5
4.575	0.99755	1.00138	0.770526	0.720023	0.0001	5
4.576	0.99755	1.00138	0.769822	0.71995	0.0001	5
4.577	0.997549	1.00138	0.76912	0.719878	0.0001	5
4.578	0.997549	1.00138	0.768417	0.719805	0.0001	5
4.579	0.997548	1.00138	0.767715	0.719732	0.0001	5
4.58	0.997548	1.00138	0.767014	0.719659	0.0001	5
4.581	0.997547	1.00138	0.766313	0.719586	0.0001	5
4.582	0.997547	1.00138	0.765612	0.719513	0.0001	5
4.583	0.997546	1.00138	0.764912	0.71944	0.0001	5
4.584	0.997546	1.00138	0.764212	0.719368	0.0001	5
4.585	0.997545	1.00138	0.763513	0.719295	0.0001	5
4.586	0.997544	1.00139	0.762814	0.719222	0.0001	5
4.587	0.997544	1.00139	0.762116	0.719149	0.0001	5
4.588	0.997543	1.00139	0.761418	0.719076	0.0001	5
4.589	0.997543	1.00139	0.760721	0.719004	0.0001	5
4.59	0.997542	1.00139	0.760024	0.718931	0.0001	5
4.591	0.997542	1.00139	0.759327	0.718858	0.0001	5
4.592	0.997541	1.00139	0.758631	0.718785	0.0001	5
4.593	0.997541	1.00139	0.757936	0.718713	0.0001	5
4.594	0.99754	1.00139	0.757241	0.71864	0.0001	5
4.595	0.99754	1.00139	0.756546	0.718567	0.0001	5
4.596	0.997539	1.00139	0.755852	0.718494	0.0001	5
4.597	0.997539	1.00139	0.755158	0.718422	0.0001	5
4.598	0.997538	1.00139	0.754465	0.718349	0.0001	5
4.599	0.997538	1.00139	0.753772	0.718276	0.0001	5
4.6	0.997537	1.00139	0.75308	0.718204	0.0001	5
4.601	0.997536	1.00139	0.752388	0.718131	0.0001	5
4.602	0.997536	1.00139	0.751696	0.718058	0.0001	5
4.603	0.997535	1.00139	0.751005	0.717986	0.0001	5
4.604	0.997535	1.00139	0.750315	0.717913	0.0001	5
4.605	0.997534	1.00139	0.749625	0.71784	0.0001	5
4.606	0.997534	1.00139	0.748935	0.717768	0.0001	5
4.607	0.997533	1.00139	0.748246	0.717695	0.0001	5
4.608	0.997533	1.00139	0.747557	0.717622	0.0001	5
4.609	0.997532	1.00139	0.746869	0.71755	0.0001	5
4.61	0.997532	1.00139	0.746181	0.717477	0.0001	5
4.611	0.997531	1.00139	0.745494	0.717404	0.0001	5
4.612	0.997531	1.00139	0.744807	0.717332	0.0001	5
4.613	0.99753	1.00139	0.74412	0.717259	0.0001	5
4.614	0.997529	1.00139	0.743434	0.717187	0.0001	5
4.615	0.997529	1.00139	0.742749	0.717114	0.0001	5
4.616	0.997528	1.00139	0.742063	0.717042	0.0001	5
4.617	0.997528	1.00139	0.741379	0.716969	0.0001	5
4.618	0.997527	1.00139	0.740695	0.716896	0.0001	5
4.619	0.997527	1.0014	0.740011	0.716824	0.0001	5
4.62	0.997526	1.0014	0.739327	0.716751	0.0001	5
4.621	0.997526	1.0014	0.738645	0.716679	0.0001	5
4.622	0.997525	1.0014	0.737962	0.716606	0.0001	5
4.623	0.997525	1.0014	0.73728	0.716534	0.0001	5
4.624	0.997524	1.0014	0.736599	0.716461	0.0001	5
4.625	0.997524	1.0014	0.735918	0.716389	0.0001	5
4.626	0.997523	1.0014	0.735237	0.716316	0.0001	5
4.627	0.997523	1.0014	0.734557	0.716244	0.0001	5
4.628	0.997522	1.0014	0.733877	0.716171	0.0001	5
4.629	0.997521	1.0014	0.733198	0.716099	0.0001	5
4.63	0.997521	1.0014	0.732519	0.716026	0.0001	5
4.631	0.99752	1.0014	0.731841	0.715954	0.0001	5
4.632	0.99752	1.0014	0.731163	0.715882	0.0001	5
4.633	0.997519	1.0014	0.730486	0.715809	0.0001	5
4.634	0.997519	1.0014	0.729809	0.715737	0.0001	5
4.635	0.997518	1.0014	0.729132	0.715664	0.0001	5
4.636	0.997518	1.0014	0.728456	0.715592	0.0001	5
4.637	0.997517	1.0014	0.727781	0.71552	0.0001	5
4.638	0.997517	1.0014	0.727105	0.715447	0.0001	5
4.639	0.997516	1.0014	0.726431	0.715375	0.0001	5
4.64	0.997516	1.0014	0.725757	0.715302	0.0001	5
4.641	0.997515	1.0014	0.725083	0.71523	0.0001	5
4.642	0.997514	1.0014	0.724409	0.715158	0.0001	5
4.643	0.997514	1.0014	0.723736	0.715085	0.0001	5
4.644	0.997513	1.0014	0.723064	0.715013	0.0001	5
4.645	0.997513	1.0014	0.722392	0.714941	0.0001	5
4.646	0.997512	1.0014	0.72172	0.714868	0.0001	5
4.647	0.997512	1.0014	0.721049	0.714796	0.0001	5
4.648	0.997511	1.0014	0.720379	0.714724	0.0001	5
4.649	0.997511	1.0014	0.719709	0.714651	0.0001	5
4.65	0.99751	1.0014	0.719039	0.714579	0.0001	5
4.651	0.99751	1.00141	0.718369	0.714507	0.0001	5
4.652	0.997509	1.00141	0.717701	0.714435	0.0001	5
4.653	0.997509	1.00141	0.717032	0.714362	0.0001	5
4.654	0.997508	1.00141	0.716364	0.71429	0.0001	5
4.655	0.997508	1.00141	0.715697	0.714218	0.0001	5
4.656	0.997507	1.00141	0.71503	0.714146	0.0001	5
4.657	0.997506	1.00141	0.714363	0.714073	0.0001	5
4.658	0.997506	1.00141	0.713697	0.714001	0.0001	5
4.659	0.997505	1.00141	0.713031	0.713929	0.0001	5
4.66	0.997505	1.00141	0.712366	0.713857	0.0001	5
4.661	0.997504	1.00141	0.711701	0.713785	0.0001	5
4.662	0.997504	1.00141	0.711037	0.713712	0.0001	5
4.663	0.997503	1.00141	0.710373	0.71364	0.0001	5
4.664	0.997503	1.00141	0.70971	0.713568	0.0001	5
4.665	0.997502	1.00141	0.709047	0.713496	0.0001	5
4.666	0.997502	1.00141	0.708384	0.713424	0.0001	5
4.667	0.997501	1.00141	0.707722	0.713351	0.0001	5
4.668	0.997501	1.00141	0.70706	0.713279	0.0001	5
4.669	0.9975	1.00141	0.706399	0.713207	0.0001	5
4.67	0.9975	1.00141	0.705738	0.713135	0.0001	5
4.671	0.997499	1.00141	0.705078	0.713063	0.0001	5
4.672	0.997498	1.00141	0.704418	0.712991	0.0001	5
4.673	0.997498	1.00141	0.703759	0.712919	0.0001	5
4.674	0.997497	1.00141	0.7031	0.712847	0.0001	5
4.675	0.997497	1.00141	0.702441	0.712775	0.0001	5
4.676	0.997496	1.00141	0.701783	0.712702	0.0001	5
4.677	0.997496	1.00141	0.701126	0.71263	0.0001	5
4.678	0.997495	1.00141	0.700468	0.712558	0.0001	5
4.679	0.997495	1.00141	0.699812	0.712486	0.0001	5
4.68	0.997494	1.00141	0.699155	0.712414	0.0001	5
4.681	0.997494	1.00141	0.6985	0.712342	0.0001	5
4.682	0.997493	1.00141	0.697844	0.71227	0.0001	5
4.683	0.997493	1.00142	0.697189	0.712198	0.0001	5
4.684	0.997492	1.00142	0.696535	0.712126	0.0001	5
4.685	0.997491	1.00142	0.695881	0.712054	0.0001	5
4.686	0.997491	1.00142	0.695227	0.711982	0.0001	5
4.687	0.99749	1.00142	0.694574	0.71191	0.0001	5
4.688	0.99749	1.00142	0.693921	0.711838	0.0001	5
4.689	0.997489	1.00142	0.693269	0.711766	0.0001	5
4.69	0.997489	1.00142	0.692617	0.711694	0.0001	5
4.691	0.997488	1.00142	0.691966	0.711622	0.0001	5
4.692	0.997488	1.00142	0.691315	0.71155	0.0001	5
4.693	0.997487	1.00142	0.690665	0.711478	0.0001	5
4.694	0.997487	1.00142	0.690015	0.711406	0.0001	5
4.695	0.997486	1.00142	0.689365	0.711335	0.0001	5
4.696	0.997486	1.00142	0.688716	0.711263	0.0001	5
4.697	0.997485	1.00142	0.688067	0.711191	0.0001	5
4.698	0.997485	1.00142	0.687419	0.711119	0.0001	5
4.699	0.997484	1.00142	0.686771	0.711047	0.0001	5
4.7	0.997483	1.00142	0.686124	0.710975	0.0001	5
4.701	0.997483	1.00142	0.685477	0.710903	0.0001	5
4.702	0.997482	1.00142	0.684831	0.710831	0.0001	5
4.703	0.997482	1.00142	0.684185	0.710759	0.0001	5
4.704	0.997481	1.00142	0.683539	0.710688	0.0001	5
4.705	0.997481	1.00142	0.682894	0.710616	0.0001	5
4.706	0.99748	1.00142	0.682249	0.710544	0.0001	5
4.707	0.99748	1.00142	0.681605	0.710472	0.0001	5
4.708	0.997479	1.00142	0.680962	0.7104	0.0001	5
4.709	0.997479	1.00142	0.680318	0.710328	0.0001	5
4.71	0.997478	1.00142	0.679675	0.710257	0.0001	5
4.711	0.997478	1.00142	0.679033	0.710185	0.0001	5
4.712	0.997477	1.00142	0.678391	0.710113	0.0001	5
4.713	0.997476	1.00142	0.677749	0.710041	0.0001	5
4.714	0.997476	1.00142	0.677108	0.709969	0.0001	5
4.715	0.997475	1.00143	0.676468	0.709898	0.0001	5
4.716	0.997475	1.00143	0.675827	0.709826	0.0001	5
4.717	0.997474	1.00143	0.675188	0.709754	0.0001	5
4.718	0.997474	1.00143	0.674548	0.709682	0.0001	5
4.719	0.997473	1.00143	0.67391	0.709611	0.0001	5
4.72	0.997473	1.00143	0.673271	0.709539	0.0001	5
4.721	0.997472	1.00143	0.672633	0.709467	0.0001	5
4.722	0.997472	1.00143	0.671996	0.709396	0.0001	5
4.723	0.997471	1.00143	0.671359	0.709324	0.0001	5
4.724	0.997471	1.00143	0.670722	0.709252	0.0001	5
4.725	0.99747	1.00143	0.670086	0.70918	0.0001	5
4.726	0.99747	1.00143	0.66945	0.709109	0.0001	5
4.727	0.997469	1.00143	0.668815	0.709037	0.0001	5
4.728	0.997468	1.00143	0.66818	0.708965	0.0001	5
4.729	0.997468	1.00143	0.667545	0.708894	0.0001	5
4.73	0.997467	1.00143	0.666911	0.708822	0.0001	5
4.731	0.997467	1.00143	0.666278	0.70875	0.0001	5
4.732	0.997466	1.00143	0.665645	0.708679	0.0001	5
4.733	0.997466	1.00143	0.665012	0.708607	0.0001	5
4.734	0.997465	1.00143	0.66438	0.708536	0.0001	5
4.735	0.997465	1.00143	0.663748	0.708464	0.0001	5
4.736	0.997464	1.00143	0.663117	0.708392	0.0001	5
4.737	0.997464	1.00143	0.662486	0.708321	0.0001	5
4.738	0.997463	1.00143	0.661856	0.708249	0.0001	5
4.739	0.997463	1.00143	0.661226	0.708178	0.0001	5
4.74	0.997462	1.00143	0.660596	0.708106	0.0001	5
4.741	0.997461	1.00143	0.659967	0.708035	0.0001	5
4.742	0.997461	1.00143	0.659338	0.707963	0.0001	5
4.743	0.99746	1.00143	0.65871	0.707891	0.0001	5
4.744	0.99746	1.00143	0.658082	0.70782	0.0001	5
4.745	0.997459	1.00143	0.657455	0.707748	0.0001	5
4.746	0.997459	1.00143	0.656828	0.707677	0.0001	5
4.747	0.997458	1.00143	0.656202	0.707605	0.0001	5
4.748	0.997458	1.00144	0.655576	0.707534	0.0001	5
4.749	0.997457	1.00144	0.65495	0.707462	0.0001	5
4.75	0.997457	1.00144	0.654325	0.707391	0.0001	5
4.751	0.997456	1.00144	0.6537	0.707319	0.0001	5
4.752	0.997456	1.00144	0.653076	0.707248	0.0001	5
4.753	0.997455	1.00144	0.652452	0.707176	0.0001	5
4.754	0.997455	1.00144	0.651829	0.707105	0.0001	5
4.755	0.997454	1.00144	0.651206	0.707034	0.0001	5
4.756	0.997453	1.00144	0.650584	0.706962	0.0001	5
4.757	0.997453	1.00144	0.649962	0.706891	0.0001	5
4.758	0.997452	1.00144	0.64934	0.706819	0.0001	5
4.759	0.997452	1.00144	0.648719	0.706748	0.0001	5
4.76	0.997451	1.00144	0.648098	0.706676	0.0001	5
4.761	0.997451	1.00144	0.647478	0.706605	0.0001	5
4.762	0.99745	1.00144	0.646858	0.706534	0.0001	5
4.763	0.99745	1.00144	0.646239	0.706462	0.0001	5
4.764	0.997449	1.00144	0.64562	0.706391	0.0001	5
4.765	0.997449	1.00144	0.645001	0.70632	0.0001	5
4.766	0.997448	1.00144	0.644383	0.706248	0.0001	5
4.767	0.997448	1.00144	0.643766	0.706177	0.0001	5
4.768	0.997447	1.00144	0.643149	0.706105	0.0001	5
4.769	0.997447	1.00144	0.642532	0.706034	0.0001	5
4.77	0.997446	1.00144	0.641916	0.705963	0.0001	5
4.771	0.997445	1.00144	0.6413	0.705891	0.0001	5
4.772	0.997445	1.00144	0.640684	0.70582	0.0001	5
4.773	0.997444	1.00144	0.640069	0.705749	0.0001	5
4.774	0.997444	1.00144	0.639455	0.705678	0.0001	5
4.775	0.997443	1.00144	0.638841	0.705606	0.0001	5
4.776	0.997443	1.00144	0.638227	0.705535	0.0001	5
4.777	0.997442	1.00144	0.637614	0.705464	0.0001	5
4.778	0.997442	1.00144	0.637001	0.705392	0.0001	5
4.779	0.997441	1.00144	0.636389	0.705321	0.0001	5
4.78	0.997441	1.00145	0.635777	0.70525	0.0001	5
4.781	0.99744	1.00145	0.635165	0.705179	0.0001	5
4.782	0.99744	1.00145	0.634554	0.705107	0.0001	5
4.783	0.997439	1.00145	0.633944	0.705036	0.0001	5
4.784	0.997438	1.00145	0.633334	0.704965	0.0001	5
4.785	0.997438	1.00145	0.632724	0.704894	0.0001	5
4.786	0.997437	1.00145	0.632115	0.704823	0.0001	5
4.787	0.997437	1.00145	0.631506	0.704751	0.0001	5
4.788	0.997436	1.00145	0.630898	0.70468	0.0001	5
4.789	0.997436	1.00145	0.63029	0.704609	0.0001	5
4.79	0.997435	1.00145	0.629682	0.704538	0.0001	5
4.791	0.997435	1.00145	0.629075	0.704467	0.0001	5
4.792	0.997434	1.00145	0.628469	0.704396	0.0001	5
4.793	0.997434	1.00145	0.627862	0.704324	0.0001	5
4.794	0.997433	1.00145	0.627257	0.704253	0.0001	5
4.795	0.997433	1.00145	0.626651	0.704182	0.0001	5
4.796	0.997432	1.00145	0.626046	0.704111	0.0001	5
4.797	0.997432	1.00145	0.625442	0.70404	0.0001	5
4.798	0.997431	1.00145	0.624838	0.703969	0.0001	5
4.799	0.99743	1.00145	0.624235	0.703898	0.0001	5
4.8	0.99743	1.00145	0.623631	0.703827	0.0001	5
4.801	0.997429	1.00145	0.623029	0.703756	0.0001	5
4.802	0.997429	1.00145	0.622427	0.703684	0.0001	5
4.803	0.997428	1.00145	0.621825	0.703613	0.0001	5
4.804	0.997428	1.00145	0.621223	0.703542	0.0001	5
4.805	0.997427	1.00145	0.620622	0.703471	0.0001	5
4.806	0.997427	1.00145	0.620022	0.7034	0.0001	5
4.807	0.997426	1.00145	0.619422	0.703329	0.0001	5
4.808	0.997426	1.00145	0.618822	0.703258	0.0001	5
4.809	0.997425	1.00145	0.618223	0.703187	0.0001	5
4.81	0.997425	1.00145	0.617624	0.703116	0.0001	5
4.811	0.997424	1.00145	0.617026	0.703045	0.0001	5
4.812	0.997423	1.00146	0.616428	0.702974	0.0001	5
4.813	0.997423	1.00146	0.615831	0.702903	0.0001	5
4.814	0.997422	1.00146	0.615234	0.702832	0.0001	5
4.815	0.997422	1.00146	0.614637	0.702761	0.0001	5
4.816	0.997421	1.00146	0.614041	0.70269	0.0001	5
4.817	0.997421	1.00146	0.613446	0.702619	0.0001	5
4.818	0.99742	1.00146	0.61285	0.702548	0.0001	5
4.819	0.99742	1.00146	0.612256	0.702477	0.0001	5
4.82	0.997419	1.00146	0.611661	0.702406	0.0001	5
4.821	0.997419	1.00146	0.611067	0.702335	0.0001	5
4.822	0.997418	1.00146	0.610474	0.702265	0.0001	5
4.823	0.997418	1.00146	0.609881	0.702194	0.0001	5
4.824	0.997417	1.00146	0.609288	0.702123	0.0001	5
4.825	0.997417	1.00146	0.608696	0.702052	0.0001	5
4.826	0.997416	1.00146	0.608104	0.701981	0.0001	5
4.827	0.997415	1.00146	0.607513	0.70191	0.0001	5
4.828	0.997415	1.00146	0.606922	0.701839	0.0001	5
4.829	0.997414	1.00146	0.606332	0.701768	0.0001	5
4.83	0.997414	1.00146	0.605742	0.701697	0.0001	5
4.831	0.997413	1.00146	0.605152	0.701627	0.0001	5
4.832	0.997413	1.00146	0.604563	0.701556	0.0001	5
4.833	0.997412	1.00146	0.603974	0.701485	0.0001	5
4.834	0.997412	1.00146	0.603386	0.701414	0.0001	5
4.835	0.997411	1.00146	0.602798	0.701343	0.0001	5
4.836	0.997411	1.00146	0.602211	0.701272	0.0001	5
4.837	0.99741	1.00146	0.601624	0.701202	0.0001	5
4.838	0.99741	1.00146	0.601037	0.701131	0.0001	5
4.839	0.997409	1.00146	0.600451	0.70106	0.0001	5
4.84	0.997408	1.00146	0.599866	0.700989	0.0001	5
4.841	0.997408	1.00146	0.59928	0.700919	0.0001	5
4.842	0.997407	1.00146	0.598696	0.700848	0.0001	5
4.843	0.997407	1.00146	0.598111	0.700777	0.0001	5
4.844	0.997406	1.00146	0.597527	0.700706	0.0001	5
4.845	0.997406	1.00147	0.596944	0.700636	0.0001	5
4.846	0.997405	1.00147	0.596361	0.700565	0.0001	5
4.847	0.997405	1.00147	0.595778	0.700494	0.0001	5
4.848	0.997404	1.00147	0.595196	0.700423	0.0001	5
4.849	0.997404	1.00147	0.594614	0.700353	0.0001	5
4.85	0.997403	1.00147	0.594033	0.700282	0.0001	5
4.851	0.997403	1.00147	0.593452	0.700211	0.0001	5
4.852	0.997402	1.00147	0.592872	0.700141	0.0001	5
4.853	0.997402	1.00147	0.592292	0.70007	0.0001	5
4.854	0.997401	1.00147	0.591712	0.699999	0.0001	5
4.855	0.9974	1.00147	0.591133	0.699929	0.0001	5
4.856	0.9974	1.00147	0.590554	0.699858	0.0001	5
4.857	0.997399	1.00147	0.589976	0.699787	0.0001	5
4.858	0.997399	1.00147	0.589398	0.699717	0.0001	5
4.859	0.997398	1.00147	0.588821	0.699646	0.0001	5
4.86	0.997398	1.00147	0.588244	0.699575	0.0001	5
4.861	0.997397	1.00147	0.587667	0.699505	0.0001	5
4.862	0.997397	1.00147	0.587091	0.699434	0.0001	5
4.863	0.997396	1.00147	0.586516	0.699364	0.0001	5
4.864	0.997396	1.00147	0.58594	0.699293	0.0001	5
4.865	0.997395	1.00147	0.585366	0.699222	0.0001	5
4.866	0.997395	1.00147	0.584791	0.699152	0.0001	5
4.867	0.997394	1.00147	0.584217	0.699081	0.0001	5
4.868	0.997394	1.00147	0.583644	0.699011	0.0001	5
4.869	0.997393	1.00147	0.583071	0.69894	0.0001	5
4.87	0.997392	1.00147	0.582498	0.69887	0.0001	5
4.871	0.997392	1.00147	0.581926	0.698799	0.0001	5
4.872	0.997391	1.00147	0.581354	0.698729	0.0001	5
4.873	0.997391	1.00147	0.580783	0.698658	0.0001	5
4.874	0.99739	1.00147	0.580212	0.698587	0.0001	5
4.875	0.99739	1.00147	0.579641	0.698517	0.0001	5
4.876	0.997389	1.00147	0.579071	0.698446	0.0001	5
4.877	0.997389	1.00148	0.578502	0.698376	0.0001	5
4.878	0.997388	1.00148	0.577933	0.698306	0.0001	5
4.879	0.997388	1.00148	0.577364	0.698235	0.0001	5
4.88	0.997387	1.00148	0.576795	0.698165	0.0001	5
4.881	0.997387	1.00148	0.576228	0.698094	0.0001	5
4.882	0.997386	1.00148	0.57566	0.698024	0.0001	5
4.883	0.997385	1.00148	0.575093	0.697953	0.0001	5
4.884	0.997385	1.00148	0.574527	0.697883	0.0001	5
4.885	0.997384	1.00148	0.57396	0.697812	0.0001	5
4.886	0.997384	1.00148	0.573395	0.697742	0.0001	5
4.887	0.997383	1.00148	0.572829	0.697672	0.0001	5
4.888	0.997383	1.00148	0.572265	0.697601	0.0001	5
4.889	0.997382	1.00148	0.5717	0.697531	0.0001	5
4.89	0.997382	1.00148	0.571136	0.69746	0.0001	5
4.891	0.997381	1.00148	0.570573	0.69739	0.0001	5
4.892	0.997381	1.00148	0.570009	0.69732	0.0001	5
4.893	0.99738	1.00148	0.569447	0.697249	0.0001	5
4.894	0.99738	1.00148	0.568884	0.697179	0.0001	5
4.895	0.997379	1.00148	0.568323	0.697108	0.0001	5
4.896	0.997379	1.00148	0.567761	0.697038	0.0001	5
4.897	0.997378	1.00148	0.5672	0.696968	0.0001	5
4.898	0.997377	1.00148	0.56664	0.696897	0.0001	5
4.899	0.997377	1.00148	0.566079	0.696827	0.0001	5
4.9	0.997376	1.00148	0.56552	0.696757	0.0001	5
4.901	0.997376	1.00148	0.564961	0.696687	0.0001	5
4.902	0.997375	1.00148	0.564402	0.696616	0.0001	5
4.903	0.997375	1.00148	0.563843	0.696546	0.0001	5
4.904	0.997374	1.00148	0.563285	0.696476	0.0001	5
4.905	0.997374	1.00148	0.562728	0.696405	0.0001	5
4.906	0.997373	1.00148	0.562171	0.696335	0.0001	5
4.907	0.997373	1.00148	0.561614	0.696265	0.0001	5
4.908	0.997372	1.00148	0.561058	0.696195	0.0001	5
4.909	0.997372	1.00149	0.560502	0.696124	0.0001	5
4.91	0.997371	1.00149	0.559946	0.696054	0.0001	5
4.911	0.99737	1.00149	0.559391	0.695984	0.0001	5
4.912	0.99737	1.00149	0.558837	0.695914	0.0001	5
4.913	0.997369	1.00149	0.558283	0.695843	0.0001	5
4.914	0.997369	1.00149	0.557729	0.695773	0.0001	5
4.915	0.997368	1.00149	0.557176	0.695703	0.0001	5
4.916	0.997368	1.00149	0.556623	0.695633	0.0001	5
4.917	0.997367	1.00149	0.556071	0.695563	0.0001	5
4.918	0.997367	1.00149	0.555519	0.695493	0.0001	5
4.919	0.997366	1.00149	0.554967	0.695422	0.0001	5
4.92	0.997366	1.00149	0.554416	0.695352	0.0001	5
4.921	0.997365	1.00149	0.553865	0.695282	0.0001	5
4.922	0.997365	1.00149	0.553315	0.695212	0.0001	5
4.923	0.997364	1.00149	0.552765	0.695142	0.0001	5
4.924	0.997364	1.00149	0.552216	0.695072	0.0001	5
4.925	0.997363	1.00149	0.551667	0.695002	0.0001	5
4.926	0.997362	1.00149	0.551118	0.694931	0.0001	5
4.927	0.997362	1.00149	0.55057	0.694861	0.0001	5
4.928	0.997361	1.00149	0.550023	0.694791	0.0001	5
4.929	0.997361	1.00149	0.549475	0.694721	0.0001	5
4.93	0.99736	1.00149	0.548929	0.694651	0.0001	5
4.931	0.99736	1.00149	0.548382	0.694581	0.0001	5
4.932	0.997359	1.00149	0.547836	0.694511	0.0001	5
4.933	0.997359	1.00149	0.547291	0.694441	0.0001	5
4.934	0.997358	1.00149	0.546746	0.694371	0.0001	5
4.935	0.997358	1.00149	0.546201	0.694301	0.0001	5
4.936	0.997357	1.00149	0.545657	0.694231	0.0001	5
4.937	0.997357	1.00149	0.545113	0.694161	0.0001	5
4.938	0.997356	1.00149	0.544569	0.694091	0.0001	5
4.939	0.997355	1.00149	0.544026	0.694021	0.0001	5
4.94	0.997355	1.00149	0.543484	0.693951	0.0001	5
4.941	0.997354	1.0015	0.542942	0.693881	0.0001	5
4.942	0.997354	1.0015	0.5424	0.693811	0.0001	5
4.943	0.997353	1.0015	0.541859	0.693741	0.0001	5
4.944	0.997353	1.0015	0.541318	0.693671	0.0001	5
4.945	0.997352	1.0015	0.540778	0.693601	0.0001	5
4.946	0.997352	1.0015	0.540238	0.693531	0.0001	5
4.947	0.997351	1.0015	0.539698	0.693461	0.0001	5
4.948	0.997351	1.0015	0.539159	0.693391	0.0001	5
4.949	0.99735	1.0015	0.53862	0.693321	0.0001	5
4.95	0.99735	1.0015	0.538082	0.693251	0.0001	5
4.951	0.997349	1.0015	0.537544	0.693181	0.0001	5
4.952	0.997349	1.0015	0.537007	0.693111	0.0001	5
4.953	0.997348	1.0015	0.53647	0.693041	0.0001	5
4.954	0.997347	1.0015	0.535933	0.692971	0.0001	5
4.955	0.997347	1.0015	0.535397	0.692901	0.0001	5
4.956	0.997346	1.0015	0.534861	0.692832	0.0001	5
4.957	0.997346	1.0015	0.534326	0.692762	0.0001	5
4.958	0.997345	1.0015	0.533791	0.692692	0.0001	5
4.959	0.997345	1.0015	0.533256	0.692622	0.0001	5
4.96	0.997344	1.0015	0.532722	0.692552	0.0001	5
4.961	0.997344	1.0015	0.532189	0.692482	0.0001	5
4.962	0.997343	1.0015	0.531656	0.692412	0.0001	5
4.963	0.997343	1.0015	0.531123	0.692343	0.0001	5
4.964	0.997342	1.0015	0.530591	0.692273	0.0001	5
4.965	0.997342	1.0015	0.530059	0.692203	0.0001	5
4.966	0.997341	1.0015	0.529527	0.692133	0.0001	5
4.967	0.997341	1.0015	0.528996	0.692063	0.0001	5
4.968	0.99734	1.0015	0.528466	0.691994	0.0001	5
4.969	0.997339	1.0015	0.527935	0.691924	0.0001	5
4.97	0.997339	1.0015	0.527406	0.691854	0.0001	5
4.971	0.997338	1.0015	0.526876	0.691784	0.0001	5
4.972	0.997338	1.0015	0.526347	0.691715	0.0001	5
4.973	0.997337	1.0015	0.525819	0.691645	0.0001	5
4.974	0.997337	1.00151	0.525291	0.691575	0.0001	5
4.975	0.997336	1.00151	0.524763	0.691505	0.0001	5
4.976	0.997336	1.00151	0.524236	0.691436	0.0001	5
4.977	0.997335	1.00151	0.523709	0.691366	0.0001	5
4.978	0.997335	1.00151	0.523183	0.691296	0.0001	5
4.979	0.997334	1.00151	0.522657	0.691226	0.0001	5
4.98	0.997334	1.00151	0.522131	0.691157	0.0001	5
4.981	0.997333	1.00151	0.521606	0.691087	0.0001	5
4.982	0.997332	1.00151	0.521081	0.691017	0.0001	5
4.983	0.997332	1.00151	0.520557	0.690948	0.0001	5
4.984	0.997331	1.00151	0.520033	0.690878	0.0001	5
4.985	0.997331	1.00151	0.51951	0.690808	0.0001	5
4.986	0.99733	1.00151	0.518987	0.690739	0.0001	5
4.987	0.99733	1.00151	0.518464	0.690669	0.0001	5
4.988	0.997329	1.00151	0.517942	0.690599	0.0001	5
4.989	0.997329	1.00151	0.51742	0.69053	0.0001	5
4.99	0.997328	1.00151	0.516899	0.69046	0.0001	5
4.991	0.997328	1.00151	0.516378	0.690391	0.0001	5
4.992	0.997327	1.00151	0.515858	0.690321	0.0001	5
4.993	0.997327	1.00151	0.515338	0.690251	0.0001	5
4.994	0.997326	1.00151	0.514818	0.690182	0.0001	5
4.995	0.997326	1.00151	0.514299	0.690112	0.0001	5
4.996	0.997325	1.00151	0.51378	0.690043	0.0001	5
4.997	0.997324	1.00151	0.513262	0.689973	0.0001	5
4.998	0.997324	1.00151	0.512744	0.689903	0.0001	5
4.999	0.997323	1.00151	0.512226	0.689834	0.0001	5
